2011 Domain Star View: Medicare Part D Report Card Master Table,,,,,,
,,,,,,
Medicare Part D Report Card Master Table,,,,,,
Contract Number,Organization Marketing Name,Contract Name,Drug Plan Customer Service,Drug Plan Member Complaints and Medicare Audit Findings,Member Experience with Drug Plan,Drug Pricing and Patient Safety
H0084,Care Improvement Plus,CARE IMPROVEMENT PLUS OF TEXAS INSURANCE COMPANY,3,Not enough data to calculate stars for this category,Not enough data to calculate stars for this category,Not enough data to calculate stars for this category
H0104,Blue Cross and Blue Shield of Alabama,BLUE CROSS AND BLUE SHIELD OF ALABAMA,4,2,4,2
H0108,"Humana Health Plan of California, Inc.","HUMANA HEALTH PLAN OF CALIFORNIA, INC.",3,Not enough data to calculate stars for this category,Not enough data to calculate stars for this category,Not enough data to calculate stars for this category
H0117,WellCare,"WELLCARE OF OHIO, INC.",4,3,1,4
H0141,CareSource,CARESOURCE MICHIGAN,5,Not enough data to calculate stars for this category,Not enough data to calculate stars for this category,2
H0150,"Healthspring of Alabama, Inc.","HEALTHSPRING OF ALABAMA, INC.",4,4,4,2
H0151,SecureHorizons by UnitedHealthcare,"UNITEDHEALTHCARE OF ALABAMA, INC.",4,3,4,3
H0154,VIVA Medicare Plus,"VIVA HEALTH, INC.",4,5,5,2
H0248,Humana Insurance Company,HUMANA INSURANCE COMPANY,4,3,2,5
H0251,AmeriChoice Secure Plus Complete,"UNITEDHEALTHCARE PLAN OF THE RIVER VALLEY, INC.",2,3,4,3
H0302,Banner MediSun,"BANNER MEDISUN, INC.",4,5,4,3
H0303,SecureHorizons by UnitedHealthcare,"PACIFICARE OF ARIZONA, INC",3,3,3,3
H0307,"Humana Health Plan, Inc.","HUMANA HEALTH PLAN, INC.",3,2,3,4
H0316,SecureHorizons by UnitedHealthcare,"UNITEDHEALTHCARE OF ARIZONA,  INC.",4,3,2,4
H0317,Humana Insurance Company,HUMANA INSURANCE COMPANY,3,1,3,4
H0318,Aetna Medicare,AETNA HEALTH INC.,3,2,2,5
H0319,Evercare® by UnitedHealthcare,UNITEDHEALTHCARE INSURANCE COMPANY,3,2,2,4
H0320,Desert Canyon Community Care,"ARCADIAN HEALTH PLAN, INC.",3,2,3,4
H0321,APIPA Personal Care Plus,"ARIZONA PHYSICIANS IPA, INC.",3,4,2,3
H0332,KelseyCare Advantage,"KS PLAN ADMINISTRATORS, LLC",4,3,5,4
H0351,"Health Net of Arizona, Inc.","HEALTH NET OF ARIZONA, INC.",3,2,2,3
H0354,CIGNA HealthCare of Arizona,"CIGNA HEALTHCARE OF ARIZONA, INC.",4,4,4,3
H0370,Coventry Health Care,COVENTRY HEALTH AND LIFE INSURANCE CO. (SOUTH DAKO,4,Not enough data to calculate stars for this category,Not enough data to calculate stars for this category,Not enough data to calculate stars for this category
H0401,SecureHorizons by UnitedHealthcare,"UNITEDHEALTHCARE OF ARKANSAS, INC.",4,3,3,3
H0408,Evercare® by UnitedHealthcare,UNITEDHEALTHCARE INSURANCE COMPANY,4,Not enough data to calculate stars for this category,Not enough data to calculate stars for this category,2
H0423,MetroPlus Health Plan,"METROPLUS HEALTH PLAN, INC.",3,4,2,3
H0474,Essence Healthcare,"ESSENCE HEALTHCARE OF NEW YORK, INC.",3,3,Not enough data to calculate stars for this category,Not enough data to calculate stars for this category
H0490,Molina Healthcare of Ohio,MOLINA HEALTHCARE OF OHIO,4,Not enough data to calculate stars for this category,Not enough data to calculate stars for this category,Not enough data to calculate stars for this category
H0504,Blue Shield of California,CALIFORNIA PHYSICIANS' SERVICE,3,4,2,2
H0523,Aetna Medicare,"AETNA HEALTH OF CALIFORNIA,INC.",3,3,3,4
H0524,Kaiser Permanente Senior Advantage,"KAISER FOUNDATION HP, INC.",4,5,5,4
H0540,Unicare Life & Health Ins. Company,UNICARE LIFE AND HEALTH INS. COMPANY,3,1,3,3
H0543,SecureHorizons by UnitedHealthcare,PACIFICARE OF CALIFORNIA,4,3,3,3
H0544,CareMore Health Plan,CAREMORE HEALTH PLAN,4,5,5,4
H0545,Inter Valley Health Plan,"INTER VALLEY HEALTH PLAN, INC.",5,5,5,3
H0562,Health Net of California,HEALTH NET OF CALIFORNIA,4,3,3,3
H0564,Anthem Blue Cross,BLUE CROSS OF CALIFORNIA,3,3,2,3
H0571,Chinese Community Health Plan,CHINESE COMMUNITY HEALTH PLAN,3,5,2,3
H0609,SecureHorizons by UnitedHealthcare,"PACIFICARE OF COLORADO, INC",4,3,3,4
H0620,Evercare® by UnitedHealthcare,UNITEDHEALTHCARE INSURANCE COMPANY,4,5,Not enough data to calculate stars for this category,3
H0621,Colorado Access,COLORADO ACCESS,4,3,2,4
H0623,Humana Insurance Company,HUMANA INSURANCE COMPANY,3,3,3,4
H0624,Evercare® by UnitedHealthcare,UNITEDHEALTHCARE INSURANCE COMPANY,4,3,3,4
H0630,Kaiser Permanente Senior Advantage,KAISER FOUNDATION HP OF CO,4,5,5,5
H0710,Evercare® by UnitedHealthcare,UNITEDHEALTHCARE INSURANCE COMPANY,3,4,3,4
H0712,WellCare,"WELLCARE OF CONNECTICUT, INC.",5,3,1,5
H0752,SecureHorizons by UnitedHealthcare,"OXFORD HEALTH PLANS (CT), INC.",3,1,3,3
H0755,UnitedHealthcare,HEALTH NET OF CONNECTICUT,3,3,2,3
H0838,Brand New Day,HMO CALIFORNIA,5,2,3,3
H0901,Aetna Medicare,AETNA HEALTH INC.,3,Not enough data to calculate stars for this category,Not enough data to calculate stars for this category,4
H0908,Advantage by Buckeye Community Health Plan,"BUCKEYE COMMUNITY HEALTH PLAN, INC.",4,Not enough data to calculate stars for this category,Not enough data to calculate stars for this category,4
H0913,WellCare,"WELLCARE HEALTH PLANS OF NEW JERSEY, INC.",4,2,1,5
H0979,"AMERICA'S 1ST CHOICE INSURANCE COMPANY OF NC, INC.","AMERICA'S 1ST CHOICE INSURANCE COMPANY OF NC, INC.",4,1,3,3
H1013,Coventry Health Plan of Florida,"COVENTRY HEALTH PLAN OF FLORIDA, INC",4,3,4,3
H1016,AvMed Medicare,"AVMED, INC",3,3,4,3
H1019,"CarePlus Health Plans, Inc.",CARE PLUS HEALTH PLAN,4,3,3,4
H1026,"Health Options, Inc / Blue Cross Blue Shield of FL","HEALTH OPTIONS, INC",3,2,2,3
H1032,WellCare,"WELL CARE OF FLORIDA, INC.",4,3,3,4
H1035,"Florida Health Care Plan, Inc.","FLORIDA HEALTH CARE PLAN, INC.",4,5,5,2
H1036,"Humana Medical Plan, Inc.","HUMANA MEDICAL PLAN, INC",3,4,4,4
H1045,"Preferred Care Partners, Inc.",PREFERRED CARE PARTNERS INC.,3,3,4,2
H1076,Coventry Health Care of Florida,"COVENTRY HEALTH CARE OF FLORIDA, INC",4,3,4,4
H1080,SecureHorizons by UnitedHealthcare,"UNITEDHEALTHCARE OF FLORIDA, INC.",3,3,3,3
H1099,Health First Medicare Plans,"HEALTH FIRST HEALTH PLANS, INC.",5,5,4,3
H1108,Evercare® by UnitedHealthcare,UNITEDHEALTHCARE INSURANCE COMPANY,4,2,2,3
H1109,Aetna Medicare,AETNA HEALTH INC.(GEORGIA),3,2,3,5
H1110,Aetna Medicare,AETNA LIFE INSURANCE COMPANY,3,Not enough data to calculate stars for this category,Not enough data to calculate stars for this category,3
H1111,SecureHorizons by UnitedHealthcare,"UNITEDHEALTHCARE OF GEORGIA, INC.",4,2,3,3
H1112,WellCare,"WELLCARE OF GEORGIA, INC.",5,3,1,4
H1170,Kaiser Permanente Senior Advantage,"KAISER FOUNDATION HP OF GA, INC.",4,3,5,5
H1216,WellCare,"HARMONY HEALTH PLAN OF ILLINOIS, INC.",5,2,2,4
H1230,Kaiser Permanente Senior Advantage,"KAISER FOUNDATION HP, INC.",4,5,5,5
H1264,WellCare,"WELLCARE OF TEXAS, INC.",4,3,1,4
H1286,SecureHorizons by UnitedHealthcare,UNITEDHEALTHCARE INSURANCE COMPANY,4,2,2,4
H1291,Humana Insurance Company of New York,HUMANA INSURANCE COMPANY OF NEW YORK,Plan too new to be measured,Plan too new to be measured,Plan too new to be measured,Plan too new to be measured
H1302,Blue Cross of Idaho,BLUE CROSS OF IDAHO HLTH SERVICES INC,4,Not enough data to calculate stars for this category,Not enough data to calculate stars for this category,3
H1303,SecureHorizons by UnitedHealthcare,UNITEDHEALTHCARE INSURANCE COMPANY,4,2,3,4
H1304,Regence BlueShield Of Idaho,REGENCE BLUE SHIELD OF IDAHO,3,3,4,3
H1350,Blue Cross of Idaho,"BLUE CROSS OF IDAHO HEALTH SERVICES, INC",3,5,4,2
H1355,Bravo Health,"BRAVO HEALTH INSURANCE COMPANY, INC.",4,Not enough data to calculate stars for this category,Not enough data to calculate stars for this category,Not enough data to calculate stars for this category
H1365,Martin's Point Generations Advantage,"MARTIN'S POINT GENERATIONS, LLC",5,Not enough data to calculate stars for this category,Not enough data to calculate stars for this category,Not enough data to calculate stars for this category
H1406,"Humana Health Plan, Inc.","HUMANA HEALTH PLAN, INC.",3,4,4,5
H1415,"HealthSpring, Inc.","HEALTHSPRING OF TENNESSEE, INC.",4,3,3,4
H1416,WellCare,"HARMONY HEALTH PLAN OF ILLINOIS, INC.",4,3,2,5
H1417,Health Alliance Medical Plans,HEALTH ALLIANCE MEDICAL PLANS,5,5,4,3
H1418,Humana Insurance Company,HUMANA INSURANCE COMPANY,3,1,3,3
H1419,Aetna Medicare,"AETNA HEALTH,  INC.",2,1,2,4
H1463,Health Alliance Medical Plans,HEALTH ALLIANCE MEDICAL PLANS,5,5,5,3
H1468,"Humana Benefit Plan of Illinois, Inc.","HUMANA BENEFIT PLAN OF ILLINOIS, INC",3,5,4,2
H1509,SecureHorizons by UnitedHealthcare,UNITEDHEALTHCARE INSURANCE COMPANY,3,3,3,3
H1510,Humana Insurance Company,HUMANA INSURANCE COMPANY,3,2,3,4
H1517,Anthem Blue Cross and Blue Shield,"ANTHEM INSURANCE COMPANIES, INC.",3,1,1,3
H1595,HealthPlus,HEALTHPLUS INSURANCE COMPANY,3,Not enough data to calculate stars for this category,Not enough data to calculate stars for this category,Not enough data to calculate stars for this category
H1607,Anthem Blue Cross and Blue Shield,"ANTHEM INSURANCE COMPANIES, INC.",3,3,3,3
H1608,Coventry Health Care,COVENTRY HEALTH AND LIFE INS COMPANY,4,3,3,3
H1609,Coventry Health Care,"COVENTRY HEALTH CARE OF IOWA, INC.",4,3,3,3
H1657,WellCare,"HARMONY HEALTH PLANS OF ILLINOIS, INC.",4,1,1,4
H1659,Piedmont Medicare Advantage,"PIEDMONT COMMUNITY HEALTHCARE, INC.",Plan too new to be measured,Plan too new to be measured,Plan too new to be measured,Plan too new to be measured
H1681,Humana Insurance Company,HUMANA INSURANCE COMPANY,3,2,2,4
H1689,"Anthem Insurance Companies, Inc.","ANTHEM INSURANCE COMPANIES, INC.",3,3,3,3
H1716,Humana Insurance Company,HUMANA INSURANCE COMPANY,3,2,4,4
H1717,SecureHorizons by UnitedHealthcare,UNITEDHEALTHCARE INSURANCE COMPANY,4,1,2,3
H1777,"ArchCare Advantage,HMO","CATHOLIC SPECIAL NEEDS PLAN, LLC",3,Not enough data to calculate stars for this category,Not enough data to calculate stars for this category,2
H1804,Humana Insurance Company,HUMANA INSURANCE COMPANY,3,1,4,3
H1806,Humana Insurance Company,HUMANA INSURANCE COMPANY,3,3,4,4
H1807,Passport Advantage,"UNIVERSITY HEALTH CARE, INC.",3,4,4,2
H1837,Essence Healthcare,"ESSENCE HEALTHCARE, INC.",3,3,5,4
H1846,MediGold,MOUNT CARMEL HEALTH INSURANCE COMPANY,5,Not enough data to calculate stars for this category,Not enough data to calculate stars for this category,3
H1849,Anthem Blue Cross and Blue Shield,"ANTHEM HEALTH PLANS OF KENTUCKY, INC.",3,4,4,3
H1903,WellCare,"WELLCARE OF LOUISIANA, INC.",5,3,4,3
H1906,"Humana Health Benefit Plan of LA, Inc.","HUMANA HEALTH BENEFIT PLAN OF LA, INC.",3,3,5,3
H1944,SecureHorizons by UnitedHealthcare,UNITEDHEALTHCARE INSURANCE COMPANY,3,1,Not enough data to calculate stars for this category,4
H1951,Humana Health Benefit Plan of Louisiana Inc,HUMANA HEALTH BENEFIT PLAN OF LOUISIANA INC,3,4,4,3
H1961,Peoples Health,"PEOPLES HEALTH, INC.",3,5,5,2
H2001,SecureHorizons by UnitedHealthcare,UNITEDHEALTHCARE INSURANCE COMPANY,4,3,3,3
H2012,"Humana Health Plan, Inc","HUMANA HEALTH PLAN, INC.",3,1,Not enough data to calculate stars for this category,Not enough data to calculate stars for this category
H2029,"Humana Insurance of Puerto Rico, Inc.","HUMANA INSURANCE OF PUERTO RICO, INC.",3,2,2,4
H2034,Community Care,"COMMUNITY CARE HEALTH PLAN, INC.",5,Not enough data to calculate stars for this category,Not enough data to calculate stars for this category,Not enough data to calculate stars for this category
H2108,Bravo Health,BRAVO HEALTH MID- ATLANTIC INC.,3,2,1,4
H2111,Evercare® by UnitedHealthcare,UNITEDHEALTHCARE INSURANCE COMPANY,4,1,1,3
H2112,Aetna Medicare,"AETNA HEALTH, INC.",3,2,2,4
H2161,Upper Peninsula Health Plan Plus (HMO SNP),"UPPER PENINSULA HEALTH PLAN, INC.",Plan too new to be measured,Plan too new to be measured,Plan too new to be measured,Plan too new to be measured
H2165,HealthSpring Life & Health,"HEALTHSPRING LIFE & HEALTH INSURANCE COMPANY, INC.",4,Not enough data to calculate stars for this category,Not enough data to calculate stars for this category,Not enough data to calculate stars for this category
H2169,UPMC Health Plan,UPMC HEALTH PLAN INC.,4,Not enough data to calculate stars for this category,Not enough data to calculate stars for this category,3
H2174,Trillium Advantage,TRILLIUM COMMUNITY HEALTH PLAN,4,5,4,4
H2182,SecureHorizons by UnitedHealthcare,UNITEDHEALTHCARE INSURANCE COMPANY,3,2,2,4
H2224,Senior Whole Health,"SENIOR WHOLE HEALTH, LLC",3,5,5,2
H2225,"Commonwealth Care Alliance, Inc.","COMMONWEALTH CARE ALLIANCE, INC.",4,5,5,4
H2226,Evercare® by UnitedHealthcare,UNITEDHEALTHCARE INSURANCE COMPANY,4,5,4,3
H2228,Evercare® by UnitedHealthcare,UNITEDHEALTHCARE INSURANCE COMPANY,3,3,2,4
H2230,Blue Cross Blue Shield of Massachusetts,"BLUE CROSS AND BLUE SHIELD OF MA HMO BLUE, INC.",4,5,3,4
H2237,iCare,"INDEPENDENT CARE HEALTH PLAN, INC.",4,4,3,4
H2241,"Golden State Medicare Health Plan, Golden (HMO)",GOLDEN STATE MEDICARE HEALTH PLAN,5,Not enough data to calculate stars for this category,Not enough data to calculate stars for this category,Not enough data to calculate stars for this category
H2256,Tufts Health Plan,"TUFTS ASSOCIATED HMO, INC.",4,5,5,3
H2261,Blue Cross and Blue Shield of Massachusetts,"BLUE CROSS AND BLUE SHIELD OF MA HMO BLUE, INC.",4,5,3,3
H2312,HAP Senior Plus,HEALTH ALLIANCE PLAN OF MICHIGAN,4,4,5,3
H2320,Priority Health Medicare,PRIORITY HEALTH,3,4,5,3
H2322,Alliance Medicare PPO,"ALLIANCE HEALTH AND LIFE INSURANCE, CO",4,3,2,2
H2323,Fidelis SecureCare Of Michigan,FIDELIS SECURECARE OF MICHIGAN,3,Not enough data to calculate stars for this category,Not enough data to calculate stars for this category,2
H2354,HealthPlus of Michigan,HEALTHPLUS OF MICHIGAN,4,5,5,2
H2406,Evercare® by UnitedHealthcare,UNITEDHEALTHCARE INSURANCE COMPANY,4,3,Not enough data to calculate stars for this category,2
H2410,Medica Health Plans,MEDICA HEALTH PLANS,4,5,2,4
H2416,PrimeWest Health,PRIMEWEST HEALTH SYSTEM,5,5,5,3
H2417,Itasca Medical Care/IMCare Classic,ITASCA MEDICAL CARE,3,Not enough data to calculate stars for this category,Not enough data to calculate stars for this category,3
H2419,South Country Health Alliance,SOUTH COUNTRY HEALTH ALLIANCE,5,3,5,3
H2422,HealthPartners Classic MN Senior Health Options,"HEALTHPARTNERS, INC.",5,5,4,3
H2425,Blue Plus,BLUE PLUS,4,5,4,3
H2456,UCare,UCARE MINNESOTA,4,5,3,3
H2457,Metropolitan Health Plan MSHO,METROPOLITAN HEALTH PLAN,4,Not enough data to calculate stars for this category,3,4
H2458,Medica Health Plans,MEDICA HEALTH PLANS,4,5,4,3
H2459,UCare,UCARE MINNESOTA,4,5,5,4
H2486,Humana Medical Plan of Utah,HUMANA MEDICAL PLAN OF UTAH,3,3,Not enough data to calculate stars for this category,4
H2491,WellCare,"WELLCARE HEALTH INSURANCE OF ARIZONA, INC.",4,Not enough data to calculate stars for this category,Not enough data to calculate stars for this category,4
H2542,Humana Insurance Company,HUMANA INSURANCE COMPANY,3,3,4,4
H2593,"CareMore Health Plan of Arizona, Inc.","CAREMORE HEALTH PLAN OF ARIZONA, INC.",4,3,Not enough data to calculate stars for this category,Not enough data to calculate stars for this category
H2610,Essence Healthcare,"ESSENCE HEALTHCARE, INC.",3,4,5,2
H2611,Mercy Health Plans,MERCY HEALTH PLANS,4,2,5,2
H2613,Anthem Blue Cross and Blue Shield,HEALTHY ALLIANCE LIFE INSURANCE COMPANY,3,1,2,3
H2643,L.A. Care Health Plan Medicare Advantage,L. A. CARE HEALTH PLAN,4,1,Not enough data to calculate stars for this category,4
H2649,"Humana Health Plan, Inc.","HUMANA HEALTH PLAN, INC.",3,3,5,4
H2654,SecureHorizons by UnitedHealthcare,"UNITEDHEALTHCARE OF THE MIDWEST, INC.",4,3,4,3
H2663,"Group Health Plan, Inc.","GROUP HEALTH PLAN, INC.",4,4,2,3
H2667,"Mercy Health Plans of Missouri, Inc.",MERCY HEALTH PLANS OF MISSOURI INC.,3,5,5,2
H2672,COVENTRY HEALTH CARE,"COVENTRY HEALTH CARE OF KANSAS, INC.",4,4,3,3
H2701,New West Health Services,NEW WEST HEALTH SERVICES,4,5,4,3
H2773,QUALITY HEALTH PLANS,"QUALITY HEALTH PLANS OF NEW YORK, INC.",3,Not enough data to calculate stars for this category,Not enough data to calculate stars for this category,Not enough data to calculate stars for this category
H2775,Universal American,AMERICAN PROGRESSIVE LIFE & HEALTH INSURANCE OF NY,4,1,Not enough data to calculate stars for this category,4
H2802,SecureHorizons by UnitedHealthcare,"UNITEDHEALTHCARE OF THE MIDLANDS, INC.",4,4,3,3
H2803,SecureHorizons by UnitedHealthcare,UNITEDHEALTHCARE INSURANCE COMPANY,4,2,3,4
H2810,"Group Health Options, Inc.",GROUP HEALTH OPTIONS,4,3,Not enough data to calculate stars for this category,Not enough data to calculate stars for this category
H2816,Universal American,AMERICAN PROGRESSIVE LIFE & HEALTH INSUR CO OF NY,Plan too new to be measured,Plan too new to be measured,Plan too new to be measured,Plan too new to be measured
H2899,Southeast Community Care,"ARCADIAN HEALTH PLAN OF NORTH CAROLINA, INC.",3,2,2,4
H2905,"Sierra Health and Life Insurance Company, Inc.","SIERRA HEALTH AND LIFE INSURANCE COMPANY, INC.",3,2,Not enough data to calculate stars for this category,3
H2906,Senior Care Plus,HOMETOWN HEALTH PLAN,3,Not enough data to calculate stars for this category,Not enough data to calculate stars for this category,4
H2926,PrimeWest Health,PRIMEWEST HEALTH SYSTEM,5,Not enough data to calculate stars for this category,Not enough data to calculate stars for this category,3
H2931,"Health Plan of Nevada, Inc.","HEALTH PLAN OF NEVADA, INC.",2,1,3,3
H2944,Humana Insurance Company,HUMANA INSURANCE COMPANY,3,2,Not enough data to calculate stars for this category,Not enough data to calculate stars for this category
H2949,"Humana Health Plan, Inc.","HUMANA HEALTH PLAN, INC.",3,3,3,4
H2960,Senior Care Plus,HOMETOWN HEALTH PLAN,3,5,4,3
H2997,Anthem Blue Cross and Blue Shield,"ROCKY MOUNTAIN HOSPITAL AND MEDICAL SERVICES, INC.",3,Not enough data to calculate stars for this category,Not enough data to calculate stars for this category,4
H3028,"Humana Health Plan, Inc.","HUMANA HEALTH PLAN, INC.",4,1,3,4
H3044,Welborn Health Plans,"NHP OF INDIANA, LLC",4,4,5,2
H3107,SecureHorizons by UnitedHealthcare,"OXFORD HEALTH PLANS (NJ), INC.",4,2,3,4
H3113,Evercare® by UnitedHealthcare,"OXFORD HEALTH PLANS (NJ), INC.",4,Not enough data to calculate stars for this category,Not enough data to calculate stars for this category,3
H3132,Positive Healthcare Partners,"AHF MCO OF FLORIDA, INC.",3,Not enough data to calculate stars for this category,Not enough data to calculate stars for this category,4
H3152,Aetna Medicare,"AETNA HEALTH, INC.",3,3,2,4
H3154,"Horizon Blue Cross Blue Shield of New Jersey, Inc.","HORIZON HEALTHCARE OF NEW JERSEY, INC.",3,2,1,4
H3156,AmeriHealth 65,AMERIHEALTH HMO_INC,4,3,1,3
H3164,AmeriChoice Personal Care Plus,"AMERICHOICE OF NEW JERSEY, INC",3,3,1,4
H3204,Presbyterian Senior Care (HMO),PRESBYTERIAN HEALTH PLAN,3,5,4,3
H3206,Presbyterian MediCare PPO,"PRESBYTERIAN INSURANCE COMPANY, INC.",3,4,3,3
H3209,Evercare® by UnitedHealthcare,UNITEDHEALTHCARE INSURANCE COMPANY,4,3,2,4
H3240,AMERIGROUP Community Care,"AMERIGROUP NEW JERSEY, INC.",4,2,1,4
H3251,Lovelace Senior Plan,"LOVELACE HEALTH SYSTEM, INC.",3,5,4,3
H3305,MVP HEALTH CARE,"MVP HEALTH PLAN, INC.",4,5,3,2
H3307,SecureHorizons by UnitedHealthcare,"OXFORD HEALTH PLANS (NY), INC.",3,2,1,3
H3312,Aetna Medicare,AETNA HEALTH INC.,3,3,2,4
H3327,Touchstone Health,"TOUCHSTONE HEALTH HMO, INC.",3,2,2,3
H3328,Fidelis Care,NEW YORK STATE CATHOLIC HLTH PLAN INC,4,1,2,3
H3330,EmblemHealth Medicare HMO,HEALTH INSURANCE PLAN OF GREATER NEW YORK,4,3,3,4
H3333,Universal American,AMERICAN PROGRESSIVE LIFE/HLTH INS.,3,2,3,3
H3335,"Excellus Health Plan, Inc","EXCELLUS HEALTH PLAN, INC.",5,5,4,4
H3337,Liberty Health Advantage,"LIBERTY HEALTH ADVANTAGE, INC.",4,2,2,3
H3342,Empire BlueCross BlueShield,"EMPIRE HEALTHCHOICE ASSURANCE, INC.",2,1,2,4
H3344,Independent Health,INDEPENDENT HEALTH BENEFITS CORPORATION,5,5,4,3
H3346,MVP HEALTH CARE,"MVP HEALTH PLAN, INC.",4,3,3,2
H3347,Elderplan,"ELDERPLAN, INC.",4,3,Not enough data to calculate stars for this category,4
H3351,"Excellus Health Plan, Inc","EXCELLUS HEALTH PLAN, INC.",5,5,4,3
H3359,Healthfirst Medicare Plan,"MANAGED HEALTH, INC.",3,4,1,3
H3361,WellCare,"WELLCARE_OF NEW YORK, INC.",4,3,1,5
H3362,Independent Health,"INDEPENDENT HEALTH ASSOCIATION, INC.",5,5,5,3
H3366,Touchstone Health,"TOUCHSTONE HEALTH HMO, INC.",3,Not enough data to calculate stars for this category,Not enough data to calculate stars for this category,2
H3370,Empire BlueCross BlueShield,"EMPIRE HEALTHCHOICE HMO, INC.",2,3,2,4
H3379,SecureHorizons by UnitedHealthcare,"UNITEDHEALTHCARE OF NEW YORK, INC.",3,2,1,3
H3384,Senior Blue,HEALTHNOW NEW YORK INC,4,5,2,2
H3387,AmeriChoice Personal Care Plus,"UNITEDHEALTHCARE OF NEW YORK, INC.",3,1,2,5
H3388,CDPHP Medicare Choices,"CAPITAL DISTRICT PHYSICIANS' HEALTH PLAN, INC.",4,5,4,3
H3404,Blue Cross and Blue Shield of North Carolina,BLUE CROSS AND BLUE SHIELD OF NORTH CAROLINA,4,2,4,3
H3405,Humana Insurance Company,HUMANA INSURANCE COMPANY,3,2,4,4
H3410,Sterling Life Insurance Company,STERLING LIFE INSURANCE COMPANY,Plan too new to be measured,Plan too new to be measured,Plan too new to be measured,Plan too new to be measured
H3421,America's 1st Choice Health Plans,"AMERICA'S 1ST CHOICE HEALTH PLANS, INC.",Plan too new to be measured,Plan too new to be measured,Plan too new to be measured,Plan too new to be measured
H3449,Blue Cross and Blue Shield of North Carolina,BLUE CROSS AND BLUE SHIELD OF NORTH CAROLINA,4,4,5,3
H3456,SecureHorizons by UnitedHealthcare,"UNITEDHEALTHCARE OF NORTH CAROLINA, INC.",3,2,2,3
H3528,"ConnectiCare, Inc.","CONNECTICARE, INC.",4,4,2,3
H3533,Northeast Community Care,"ARCADIAN HEALTH PLAN OF NEW YORK, INC.",3,3,Not enough data to calculate stars for this category,5
H3597,Aetna Medicare,AETNA HEALTH,3,4,3,4
H3619,Humana Insurance Company,HUMANA INSURANCE COMPANY,3,2,3,4
H3620,PrimeTime Health Plan,MCKINLEY LIFE INSURANCE COMPANY,4,Not enough data to calculate stars for this category,4,3
H3623,Aetna Medicare,"AETNA HEALTH,  INC.",3,1,2,4
H3653,Paramount Elite,"PARAMOUNT CARE, INC",4,5,4,3
H3655,Anthem Blue Cross and Blue Shield,COMMUNITY INSURANCE COMPANY,3,3,2,3
H3659,SecureHorizons by UnitedHealthcare,"UNITEDHEALTHCARE OF OHIO, INC.",4,3,3,3
H3660,SummaCare,SUMMACARE INC.,4,5,5,2
H3664,PrimeTime Health Plan,MCKINLEY LIFE INSURANCE COMPANY,4,5,5,3
H3668,MediGold,"MT. CARMEL HEALTH PLAN, INC.",5,5,5,3
H3672,The Health Plan,HOMETOWN HEALTH PLAN,4,5,4,1
H3706,Universal American,"GLOBALHEALTH, INC.",4,2,2,3
H3708,Universal American,"SELECTCARE OF OKLAHOMA, INC.",4,Not enough data to calculate stars for this category,Not enough data to calculate stars for this category,2
H3749,SecureHorizons by UnitedHealthcare,"PACIFICARE OF OKLAHOMA, INC.",4,3,3,3
H3755,CommunityCare Senior Health Plan,"COMMUNITY CARE HMO, INC",5,3,4,2
H3805,SecureHorizons by UnitedHealthcare,"PACIFICARE OF OREGON, INC.",4,4,4,3
H3810,CareSource,MID ROGUE INDEPENDENT PHYSICIAN ASSOCIATION,4,5,4,3
H3811,Samaritan Advantage Health Plan,"SAMARITAN HEALTH PLANS, INC.",3,5,3,4
H3812,SecureHorizons by UnitedHealthcare,UNITEDHEALTHCARE INSURANCE COMPANY,4,3,3,4
H3813,"ODS Health Plan, Inc.","ODS HEALTH PLAN, INC.",3,4,3,3
H3814,ATRIO MyAdvantage,ATRIO HEALTH PLANS,4,5,4,3
H3815,Citizens Choice Healthplan,CITIZENS CHOICE HEALTHPLAN,5,4,3,4
H3817,Regence BlueCross BlueShield of Oregon,REGENCE BLUECROSS BLUESHIELD OF OR,3,5,4,3
H3818,"FamilyCare Health Plans, Inc.","FAMILYCARE HEALTH PLANS, INC.",3,3,2,4
H3832,Akamai Advantage,HAWAII MEDICAL SERVICE ASSOCIATION,Plan too new to be measured,Plan too new to be measured,Plan too new to be measured,Plan too new to be measured
H3864,Clear One Health Plans,"CLEAR ONE HEALTH PLANS, INC.",3,3,3,3
H3887,SecureHorizons by UnitedHealthcare,UNITEDHEALTHCARE INSURANCE COMPANY,4,1,1,3
H3907,UPMC Health Plan,UNIVERSITY OF PITTSBURGH MEDICAL CENTER,4,4,3,2
H3909,Personal Choice 65,QCC INSURANCE COMPANY,4,2,1,3
H3912,Evercare® by UnitedHealthcare,UNITEDHEALTHCARE INSURANCE COMPANY,4,2,2,4
H3916,Highmark Inc.,"HIGHMARK, INC.",4,4,3,3
H3920,Unison Advantage,"UNISON HEALTH PLAN OF PENNSYLVANIA, INC.",3,2,3,3
H3921,SecureHorizons by UnitedHealthcare,UNITEDHEALTHCARE INSURANCE COMPANY,3,1,Not enough data to calculate stars for this category,3
H3923,Capital Advantage Insurance Company,CAPITAL ADVANTAGE INSURANCE COMPANY,4,3,4,3
H3924,Geisinger Gold,GEISINGER INDEMNITY INSURANCE COMPANY,4,3,3,2
H3931,Aetna Medicare,AETNA HEALTH INC,3,2,3,4
H3949,Bravo Health,BRAVO HEALTH PENNSYLVANIA INC.,4,2,2,4
H3952,Keystone 65,"KEYSTONE HEALTH PLAN EAST, INC.",4,3,3,2
H3954,Geisinger Gold,GEISINGER HEALTH PLAN,4,4,5,3
H3957,"Keystone Health Plan West, Inc.","KEYSTONE HEALTH PLAN WEST, INC.",4,5,3,3
H3959,HealthAmerica,"HEALTHAMERICA PENNSYLVANIA, INC.",3,4,3,3
H3962,"Keystone Health Plan Central, Inc.","KEYSTONE HEALTH PLAN CENTRAL,INC.",3,5,4,3
H3964,Bravo Health,"BRAVO HEALTH PENNSYLVANIA, INC.",3,4,1,4
H4003,Medicare y Mucho Más,"MMM HEALTHCARE, INC.",2,4,3,3
H4004,"Preferred Medicare Choice, Inc.","PREFERRED MEDICARE CHOICE, INC.",3,5,3,3
H4005,"Triple-S Salud, Inc.","TRIPLE-S SALUD,  INC.",2,3,1,4
H4006,MCS Classicare,MCS ADVANTAGE INC.,3,3,2,3
H4007,Humana Health Plans Of Puerto Rico Inc,HUMANA HEALTH PLANS OF PUERTO RICO INC,3,3,3,3
H4011,"First Medical Health Plan, Inc.","FIRST MEDICAL HEALTH PLAN, INC.",3,3,3,3
H4012,"Triple-S Salud, Inc.","TRIPLE-S SALUD, INC.",2,4,3,4
H4036,Anthem Blue Cross and Blue Shield,"ANTHEM INSURANCE COMPANIES, INC.",3,1,Not enough data to calculate stars for this category,3
H4102,SecureHorizons by UnitedHealthcare,"UNITEDHEALTHCARE OF NEW ENGLAND, INC.",4,4,4,3
H4125,Arcadian Health Plan,ARCADIAN HEALTH PLAN,3,2,4,4
H4141,"Humana Employers Health Plan of Georgia, Inc.","HUMANA EMPLOYERS HEALTH PLAN OF GEORGIA, INC.",3,1,Not enough data to calculate stars for this category,Not enough data to calculate stars for this category
H4152,Blue Cross & Blue Shield of Rhode Island,BLUE CROSS & BLUE SHIELD OF RHODE ISLAND,2,3,2,3
H4155,JMH Health Plan,PUBLIC HEALTH TRUST OF MIAMI-DADE COUNTY,3,Not enough data to calculate stars for this category,Not enough data to calculate stars for this category,Not enough data to calculate stars for this category
H4209,Blue Cross Blue Shield of South Carolina,BLUE CROSS AND BLUE SHIELD OF SOUTH CAROLINA,3,3,2,2
H4213,Arkansas Blue Cross - Medi-Pak Advantage,"ARKANSAS BCBS, A MUTUAL INSURANCE COMPANY",4,2,Not enough data to calculate stars for this category,Not enough data to calculate stars for this category
H4268,America's 1st Choice Insurance Company of NC,"AMERICA'S 1ST CHOICE INSURANCE COMPANY OF NC, INC.",Plan too new to be measured,Plan too new to be measured,Plan too new to be measured,Plan too new to be measured
H4270,UCare,"UCARE WISCONSIN, INC.",4,5,4,3
H4346,CareMore Health Plan of Nevada,CAREMORE HEALTH PLAN OF NEVADA,4,3,Not enough data to calculate stars for this category,Not enough data to calculate stars for this category
H4406,SecureHorizons by UnitedHealthcare,"UNITEDHEALTHCARE OF TENNESSEE, INC.",4,2,3,4
H4407,"Healthspring, Inc.","HEALTHSPRING OF TENNESSEE, INC.",4,3,4,3
H4408,Humana Insurance Company,HUMANA INSURANCE COMPANY,3,1,4,4
H4454,Healthspring,"HEALTHSPRING OF TENNESSEE, INC.",3,4,5,2
H4456,SecureHorizons by UnitedHealthcare,"UNITEDHEALTHCARE PLAN OF THE RIVER VALLEY, INC.",3,2,3,3
H4461,"Cariten Health Plan, Inc.",CARITEN HEALTH PLAN IN,3,2,4,3
H4506,Universal American,"SELECTCARE OF TEXAS, L.L.C.",4,3,4,4
H4510,"Humana Health Plan of Texas, Inc.","HUMANA HEALTH PLAN OF TEXAS,INC.",2,3,3,4
H4513,HealthSpring,"TEXAS HEALTHSPRING,  LLC",4,4,4,2
H4514,Evercare® by UnitedHealthcare,"EVERCARE OF TEXAS, LLC",4,2,2,3
H4520,Humana Insurance Company,HUMANA INSURANCE COMPANY,3,2,3,4
H4522,SecureHorizons by UnitedHealthcare,UNITEDHEALTHCARE INSURANCE COMPANY,3,3,2,4
H4523,Aetna Medicare,AETNA HEALTH INC.,3,1,3,5
H4524,Aetna Medicare,AETNA LIFE INSURANCE COMPANY,3,1,1,4
H4525,FirstCare Advantage,"SHA, L.L.C",4,3,3,3
H4527,PHYSICIANS HEALTH CHOICE,PHYSICIANS HEALTH CHOICE OF TEXAS LLC,3,4,4,3
H4528,Bravo Health,"BRAVO HEALTH TEXAS, INC.",3,2,2,4
H4529,Texas Community Care,"ARCADIAN HEALTH PLAN, INC.",3,3,3,4
H4590,SecureHorizons by UnitedHealthcare,"PACIFICARE OF TEXAS, INC.",3,3,4,4
H4604,SecureHorizons by UnitedHealthcare,"UNITEDHEALTHCARE OF UTAH, INC.",4,2,3,4
H4605,Regence BlueCross BlueShield of Utah,REGENCE BLUECROSS BLUESHIELD OF UT,4,4,4,3
H4606,Humana Insurance Company,HUMANA INSURANCE COMPANY,3,3,4,4
H4738,"America's 1st Choice Health Plans, Inc.","AMERICA'S 1ST CHOICE HEALTH PLANS, INC.",Plan too new to be measured,Plan too new to be measured,Plan too new to be measured,Plan too new to be measured
H4754,Clear One Health Plans,"CLEAR ONE HEALTH PLANS, INC.",4,Not enough data to calculate stars for this category,Not enough data to calculate stars for this category,Not enough data to calculate stars for this category
H4785,"Humana Health Benefit Plan of LA, Inc.","HUMANA HEALTH BENEFIT PLAN OF LOUISIANA, INC.",Plan too new to be measured,Plan too new to be measured,Plan too new to be measured,Plan too new to be measured
H4837,UnitedHealthcare Personal Care Plus,UNITEDHEALTHCARE OF WISCONSIN,3,Not enough data to calculate stars for this category,Not enough data to calculate stars for this category,5
H4866,CUATRO LLC,CUATRO LLC,Plan too new to be measured,Plan too new to be measured,Plan too new to be measured,Plan too new to be measured
H4875,Priority Health Medicare,PRIORITY HEALTH,3,3,Not enough data to calculate stars for this category,Not enough data to calculate stars for this category
H4908,Optima Medicare,OPTIMA HEALTH INSURANCE COMPANY,4,2,3,3
H4909,Anthem Blue Cross and Blue Shield,"ANTHEM HEALTH PLANS OF VIRGINIA, INC.",4,1,3,4
H4910,Aetna Medicare,AETNA HEALTH INC.,3,Not enough data to calculate stars for this category,Not enough data to calculate stars for this category,5
H4956,Humana Insurance Company,HUMANA INSURANCE COMPANY,4,1,3,4
H4971,SecureHorizons by UnitedHealthcare,UNITEDHEALTHCARE INSURANCE COMPANY,4,2,Not enough data to calculate stars for this category,4
H5005,SecureHorizons by UnitedHealthcare,"PACIFICARE OF WASHINGTON, INC.",4,3,3,3
H5006,Sterling Life Insurance Company,STERLING LIFE INSURANCE COMPANY,3,2,2,3
H5008,Evercare® by UnitedHealthcare,UNITEDHEALTHCARE INSURANCE COMPANY,4,2,3,4
H5009,Regence BlueShield,REGENCE BLUESHIELD,4,2,3,4
H5010,Asuris Northwest Health,ASURIS NORTHWEST HEALTH,4,2,3,3
H5016,Providence Health Plan,PROVIDENCE HEALTH PLANS,Plan too new to be measured,Plan too new to be measured,Plan too new to be measured,Plan too new to be measured
H5041,Humana Insurance Company,HUMANA INSURANCE COMPANY,3,1,4,4
H5042,CDPHP Medicare Choices,"CDPHP UNIVERSAL BENEFITS, INC.",4,5,4,4
H5050,Group Health Cooperative,GROUP HEALTH COOPERATIVE,3,4,5,4
H5087,Easy Choice Health Plan,EASY CHOICE HEALTH PLAN INC.,4,4,2,4
H5106,Highmark Health Insurance Company,HIGHMARK HEALTH INSURANCE COMPANY,4,3,4,3
H5151,The Health Plan,HEALTH PLAN OF THE UPPER OHIO VALLEY,4,5,4,1
H5162,Sterling Life Insurance Company,STERLING LIFE INSURANCE COMPANY,2,Not enough data to calculate stars for this category,Not enough data to calculate stars for this category,Not enough data to calculate stars for this category
H5206,Community Health Partnership,"PARTNERSHIP HEALTH PLAN, INC.",4,4,5,2
H5207,Community Care,"COMMUNITY CARE HEALTH PLAN, INC",5,Not enough data to calculate stars for this category,Not enough data to calculate stars for this category,3
H5209,"Care Wisconsin Health Plan, Inc.","CARE WISCONSIN HEALTH PLAN, INC.",4,4,4,3
H5211,Advocare,"SECURITY HEALTH PLAN OF WISCONSIN, INC",5,5,5,4
H5214,Humana Insurance Company,HUMANA INSURANCE COMPANY,2,2,4,4
H5215,Network Platinum Medicare Advantage Plans,NETWORK HEALTH INSURANCE CORPORATION,5,5,5,3
H5216,Humana Insurance Company,HUMANA INSURANCE COMPANY,3,3,3,4
H5253,SecureHorizons by UnitedHealthcare,"UNITEDHEALTHCARE OF WISCONSIN, INC",4,3,2,3
H5262,"Gundersen Lutheran Health Plan, Inc.",GUNDERSEN LUTHERAN HEALTH PLAN,4,5,5,3
H5291,"Humana Health Plan, Inc.","HUMANA HEALTH PLAN, INC.",3,1,3,5
H5294,Advantage by SuperiorHealthPlan,"SUPERIOR HEALTH PLAN, INC.",4,Not enough data to calculate stars for this category,Not enough data to calculate stars for this category,3
H5302,Coventry Health Care,"COVENTRY HEALTH CARE OF GEORGIA, INC.",4,1,2,2
H5378,Universal American,THE PYRAMID LIFE INSURANCE COMPANY,4,1,1,2
H5402,Quality Health Plans,"QUALITY HEALTH PLANS, INC.",2,2,3,4
H5404,"Universal Health Care, Inc.","UNIVERSAL HEALTH CARE, INC.",3,2,2,2
H5407,"Citrus Health Care, Inc.","CITRUS HEALTH CARE, INC.",5,2,2,3
H5410,"HealthSpring of Florida, Inc.","HEALTHSPRING OF FLORIDA, INC.",4,5,4,4
H5414,Aetna Medicare,AETNA HEALTH INC.,3,1,2,3
H5415,"Humana Health Insurance Company of FL, Inc.","HUMANA HEALTH INSURANCE COMPANY OF FL, INC.",3,3,2,3
H5416,Spokane Community Care,"ARCADIAN HEALTH PLAN, INC.",3,2,3,5
H5417,Evercare® by UnitedHealthcare,UNITEDHEALTHCARE INSURANCE COMPANY,3,3,3,3
H5420,"Medica HealthCare Plans, Inc.","MEDICA HEALTHCARE PLANS, INC.",4,3,5,3
H5421,Universal American,THE PYRAMID LIFE INSURANCE COMPANY,3,1,3,3
H5422,Blue Cross Blue Shield Healthcare Plan of Georgia,BLUE CROSS BLUE SHIELD OF GEORGIA,3,1,2,3
H5424,SecureHorizons by UnitedHealthcare,UNITEDHEALTHCARE INSURANCE COMPANY,4,4,2,3
H5425,SCAN Health Plan,SCAN HEALTH PLAN,4,3,4,3
H5426,"Humana AdvantageCare Plan, Inc.","HUMANA ADVANTAGECARE PLAN, INC.",3,1,1,4
H5427,"Freedom Health, Inc.","FREEDOM HEALTH PLAN, INC.",4,2,3,3
H5428,Health Plan of San Mateo,SAN MATEO HEALTH COMMISSION,4,5,2,2
H5429,"Universal Health Care, Inc.","UNIVERSAL HEALTH CARE, INC.",3,2,1,2
H5430,"ONECare by Care1st Health Plan Arizona, Inc.",CARE1ST HEALTH PLAN OF ARIZONA,3,2,2,3
H5431,"HealthSun Health Plans, Inc.","HEALTHSUN HEALTH PLANS, INC.",4,3,4,3
H5433,OneCare,ORANGE COUNTY HEALTH AUTHORITY,4,5,2,5
H5434,"Blue Cross and Blue Shield of Florida, Inc.","BLUE CROSS AND BLUE SHIELD OF FLORIDA, INC.",3,2,2,3
H5435,SecureHorizons by UnitedHealthcare,UNITEDHEALTHCARE INSURANCE COMPANY,3,2,3,3
H5439,Health Net Life Insurance Company,HEALTH NET LIFE INSURANCE COMPANY,4,Not enough data to calculate stars for this category,2,3
H5440,Evercare® by UnitedHealthcare,UNITEDHEALTHCARE INSURANCE COMPANY,4,2,3,3
H5470,Humana Insurance Company,HUMANA INSURANCE COMPANY,4,2,Not enough data to calculate stars for this category,Not enough data to calculate stars for this category
H5475,Health Plan of Michigan Gold Plan,"HEALTH PLAN OF MICHIGAN, INC.",Plan too new to be measured,Plan too new to be measured,Plan too new to be measured,Plan too new to be measured
H5507,SecureHorizons by UnitedHealthcare,UNITEDHEALTHCARE INSURANCE COMPANY,3,2,2,3
H5508,"ADVANTAGE Health Solutions, Inc.","ADVANTAGE HEALTH SOLUTIONS, INC.",4,3,3,3
H5509,COVENTRY HEALTH CARE,COVENTRY HEALTH AND LIFE INS. COMPANY,4,3,3,3
H5516,SecureHorizons by UnitedHealthcare,UNITEDHEALTHCARE INSURANCE COMPANY,4,3,3,2
H5520,Health Net Medicare Advantage,HEALTH NET LIFE INSURANCE COMPANY,4,4,3,3
H5521,Aetna Medicare,AETNA LIFE INSURANCE COMPANY,3,5,3,4
H5522,HealthAmerica,"HEALTHASSURANCE PENNSYLVANIA, INC.",3,3,3,3
H5525,"Humana Benefit Plan of Illinois, Inc.","HUMANA BENEFIT PLAN OF ILLINOIS, INC.",3,3,3,3
H5526,Forever Blue Medicare PPO,HEALTHNOW NEW YORK INC.,4,5,3,2
H5528,EmblemHealth Medicare PPO,GROUP HEALTH INCORPORATED,4,1,2,3
H5529,Anthem Blue Cross and Blue Shield,COMMUNITY INSURANCE COMPANY,3,3,2,3
H5530,Anthem Blue Cross and Blue Shield,"ANTHEM HEALTH PLANS OF KENTUCKY, INC.",3,2,2,3
H5532,SecureHorizons by UnitedHealthcare,UNITEDHEALTHCARE INSURANCE COMPANY,4,2,3,3
H5533,UPMC Health Plan,UPMC HEALTH NETWORK,4,3,3,3
H5549,VNSNY CHOICE Medicare,VNS CHOICE,4,1,2,4
H5575,Fidelis SecureCare of North Carolina,FIDELIS SECURECARE OF NORTH CAROLINA,3,Not enough data to calculate stars for this category,Not enough data to calculate stars for this category,3
H5576,"Vantage Health Plan, Inc.","VANTAGE  HEALTH PLAN, INC.",4,4,5,2
H5577,MCS Classicare,MCS ADVANTAGE INC.,3,4,4,3
H5578,Southeast Community Care,"ARCADIAN HEALTH PLAN OF GEORGIA, INC.",3,2,3,3
H5580,Mercy Care Advantage,SOUTHWEST CATHOLIC HEALTH NETWORK CORPORATION,3,5,1,3
H5587,Health Choice Generations,"HEALTH CHOICE ARIZONA, INC.",4,5,3,4
H5590,Advantage by Bridgeway Health Solutions,BRIDGEWAY HEALTH SOLUTIONS,4,4,Not enough data to calculate stars for this category,3
H5591,Martin's Point Generations Advantage,"MARTIN'S POINT GENERATIONS, LLC",4,4,5,4
H5594,"Optimum HealthCare, Inc.","OPTIMUM HEALTHCARE, INC.",4,2,3,2
H5608,Denver Health Medical Plan,"DENVER HEALTH MEDICAL PLAN, INC.",3,4,3,4
H5609,GEMCARE Health Plan,GEMCARE HEALTH PLAN INC.,4,4,5,3
H5619,Northeast Community Care,"ARCADIAN HEALTH PLAN, INC.",3,3,3,4
H5628,Molina Healthcare of Utah,"MOLINA HEALTHCARE OF UTAH, INC.",4,1,3,4
H5640,IEHP Medicare DualChoice HMO,IEHP HEALTH ACCESS,5,5,4,4
H5649,Central Health Medicare Plan,"CENTRAL HEALTH PLAN OF CALIFORNIA, INC.",4,4,2,4
H5652,Erickson Advantage,UNITEDHEALTHCARE INSURANCE COMPANY,Not enough data to calculate stars for this category,4,4,3
H5656,Universal American,"SELECTCARE HEALTH PLANS, INC.",4,1,2,4
H5665,Care Improvement Plus,"CARE IMPROVEMENT PLUS  OF MARYLAND, INC.",4,2,1,3
H5679,Anthem Blue Cross and Blue Shield,"HMO COLORADO, INC.",3,Not enough data to calculate stars for this category,Not enough data to calculate stars for this category,4
H5685,Midwest Advantage,"MIDWEST HEALTH PLAN, INC.",4,Not enough data to calculate stars for this category,Not enough data to calculate stars for this category,4
H5696,PUP,"PHYSICIANS UNITED PLAN, INC.",4,2,3,3
H5698,Windsor Medicare Extra,"WINDSOR HEALTH PLAN, INC.",3,3,2,2
H5700,"Arkansas Community Care, Inc.","ARKANSAS COMMUNITY CARE, INC.",3,3,5,3
H5703,South Country Health Alliance,SOUTH COUNTRY HEALTH ALLIANCE,5,Not enough data to calculate stars for this category,3,4
H5732,"Triple-S Salud, INC.","TRIPLE-S SALUD, INC.",2,3,1,4
H5746,AMERIGROUP Community Care of New Mexico,"AMERIGROUP NEW MEXICO, INC.",3,2,1,4
H5749,SecureHorizons by UnitedHealthcare,UNITEDHEALTHCARE INSURANCE COMPANY,4,2,2,4
H5750,North Star Advantage / North Star Advantage Plus,METROPOLITAN HEALTH PLAN,4,Not enough data to calculate stars for this category,Not enough data to calculate stars for this category,3
H5774,American Health Medicare,"AMERICAN HEALTH, INC.",3,3,3,4
H5782,Partnership HealthPlan of California,PARTNERSHIP HEALTHPLAN OF CALIFORNIA,4,4,3,4
H5783,Southeast Community Care,"ARCADIAN HEALTH PLAN, INC.",3,2,2,4
H5793,Aetna Medicare,AETNA HEALTH INC.,3,2,2,4
H5810,Molina Healthcare of California,MOLINA HEALTHCARE OF CALIFORNIA,3,2,2,4
H5811,SCAN Health Plan,SCAN HEALTH PLAN,4,2,3,4
H5813,Aetna Medicare,"AETNA HEALTH, INC",3,1,2,5
H5817,AMERIGROUP Community Care,"AMERIGROUP TEXAS, INC.",4,3,3,4
H5820,"UNIVERSAL HEALTH CARE INSURANCE COMPANY, INC.",UNIVERSAL HEALTH CARE INSURANCE COMPANY,3,1,2,2
H5821,MAPFRE LIFE INSURANCE COMPANY,MAPFRE LIFE INSURANCE COMPANY,3,2,3,3
H5823,"Molina Healthcare of Washington, Inc.","MOLINA HEALTHCARE OF WASHINGTON, INC.",4,2,2,3
H5826,Community HealthFirst Medicare Advantage Plan,COMMUNITY HEALTH PLAN OF WASHINGTON,3,1,2,4
H5832,Aetna Medicare,AETNA HEALTH INC.,3,Not enough data to calculate stars for this category,Not enough data to calculate stars for this category,4
H5850,Coventry Summit Health Plan,"COVENTRY SUMMIT HEALTH PLAN, INC.",4,1,3,3
H5852,POSITIVE HEALTHCARE PARTNERS,AIDS HEALTHCARE FOUNDATION,4,Not enough data to calculate stars for this category,5,4
H5854,Anthem Blue Cross and Blue Shield,"ANTHEM HEALTH PLANS, INC",2,1,3,3
H5859,CareOregon Advantage,"HEALTH PLAN OF CAREOREGON, INC.",3,5,3,4
H5862,Blue Cross of Idaho,"BLUE CROSS OF IDAHO HEALTH SERVICES, INC.",4,4,3,3
H5868,Humana Insurance Company,HUMANA INSURANCE COMPANY,3,2,4,4
H5883,Blue Care Network,BLUE CARE NETWORK OF MICHIGAN,3,4,4,3
H5884,BlueCross BlueShield of Tennessee,BLUECROSS BLUESHIELD OF TENNESSEE,4,4,4,3
H5887,"First Medical Health Plan, Inc.","FIRST MEDICAL HEALTH PLAN, INC.",3,3,3,3
H5895,Contra Costa Health Plan,CONTRA COSTA CO MED SVCS DBA CONTRA COSTA HEALTH,4,Not enough data to calculate stars for this category,Not enough data to calculate stars for this category,3
H5896,AMERIGROUP Community Care,"AMERIGROUP MARYLAND, INC.",4,3,2,4
H5926,Molina Healthcare of Michigan,MOLINA HEALTHCARE OF MICHIGAN,4,3,3,3
H5928,Care1st Medicare Advantage Plan,CARE1ST HEALTH PLAN,4,3,3,3
H5932,Gateway Health Plan Medicare Assured,"GATEWAY HEALTH PLAN, INC.",4,4,3,3
H5938,Capital Health Plan,CAPITAL HEALTH PLAN,4,5,5,3
H5943,VillageHealth,SCAN HEALTH PLAN,Not enough data to calculate stars for this category,Not enough data to calculate stars for this category,Not enough data to calculate stars for this category,2
H5948,Arta Medicare Health Plan,"ARTA MEDICARE HEALTH PLAN, INC.",4,Not enough data to calculate stars for this category,Not enough data to calculate stars for this category,3
H5950,Aetna Medicare,AETNA HEALTH INC.,3,Not enough data to calculate stars for this category,Not enough data to calculate stars for this category,4
H5969,AlohaCare,ALOHACARE,4,3,3,4
H5970,Humana Insurance Company of New York,HUMANA INSURANCE COMPANY OF NEW YORK,3,Not enough data to calculate stars for this category,Not enough data to calculate stars for this category,Not enough data to calculate stars for this category
H5980,"Fidelis SecureCare of Texas, Inc.","FIDELIS SECURECARE OF TEXAS, INC.",3,Not enough data to calculate stars for this category,Not enough data to calculate stars for this category,3
H5985,Abrazo Advantage Health Plan,ABRAZO ADVANTAGE HEALTH PLAN,3,2,4,3
H5989,Comprehensive Care Management Corp.,COMPREHENSIVE CARE MANAGEMENT CORP.,4,Not enough data to calculate stars for this category,Not enough data to calculate stars for this category,2
H5991,Affinity Health Plan,"AFFINITY HEALTH PLAN, INC.",4,2,2,4
H5992,Senior Whole Health of New York,"SENIOR WHOLE HEALTH, LLC",3,Not enough data to calculate stars for this category,4,3
H5995,"Marion Polk Community Health Plan Advantage, Inc.","MARION POLK COMMUNITY HEALTH PLAN ADVANTAGE, INC.",5,5,3,2
H5998,Unison Advantage,"UNISON HEALTH PLAN OF TENNESSEE, INC.",2,2,2,3
H6169,Universal American,THE PYRAMID LIFE INSURANCE COMPANY,Plan too new to be measured,Plan too new to be measured,Plan too new to be measured,Plan too new to be measured
H6178,CareSource,CARESOURCE,4,Not enough data to calculate stars for this category,Not enough data to calculate stars for this category,3
H6181,AMERIGROUP Community Care,"AMERIGROUP NEW YORK, LLC",4,Not enough data to calculate stars for this category,Not enough data to calculate stars for this category,4
H6264,Health Plus Elite,"HEALTHPLUS PHSP, INC.",3,Not enough data to calculate stars for this category,Not enough data to calculate stars for this category,4
H6328,Care N' Care Health Plan,"CARE N' CARE INSURANCE COMPANY, INC.",4,3,Not enough data to calculate stars for this category,4
H6411,Humana Insurance Company,HUMANA INSURANCE COMPANY,3,1,3,4
H6528,Care Improvement Plus,CARE IMPROVEMENT PLUS SOUTH CENTRAL INSURANCE CO.,3,Not enough data to calculate stars for this category,Not enough data to calculate stars for this category,Not enough data to calculate stars for this category
H6609,Humana Insurance Company,HUMANA INSURANCE COMPANY,3,1,Not enough data to calculate stars for this category,Not enough data to calculate stars for this category
H6622,Humana Wisconsin Health Organization Insurance Cor,HUMANA WISCONSINHEALTH ORGANIZATION INSURANCE CORP,Plan too new to be measured,Plan too new to be measured,Plan too new to be measured,Plan too new to be measured
H6642,"Universal HMO of Texas, Inc.","UNIVERSAL HMO OF TEXAS, INC.",3,Not enough data to calculate stars for this category,Not enough data to calculate stars for this category,Not enough data to calculate stars for this category
H6705,"Universal Health Care of Nevada, Inc.","UNIVERSAL HEALTH CARE OF NEVADA, INC.",Plan too new to be measured,Plan too new to be measured,Plan too new to be measured,Plan too new to be measured
H6743,ATRIO MyAdvantage,ATRIO HEALTH PLANS,Plan too new to be measured,Plan too new to be measured,Plan too new to be measured,Plan too new to be measured
H6815,Health Net Medicare Advantage,HEALTH NET HEALTH PLAN OF OREGON,Plan too new to be measured,Plan too new to be measured,Plan too new to be measured,Plan too new to be measured
H6864,GuildNet,"GUILDNET, INC.",3,Not enough data to calculate stars for this category,Not enough data to calculate stars for this category,3
H6881,America's 1st Choice Insurance Company of NC,"AMERICA'S 1ST CHOICE INSURANCE COMPANY OF NC, INC.",Plan too new to be measured,Plan too new to be measured,Plan too new to be measured,Plan too new to be measured
H6900,Humana Insurance Company,HUMANA INSURANCE COMPANY,3,2,3,4
H6923,Aetna Medicare,AETNA HEALTH,4,3,Not enough data to calculate stars for this category,5
H6952,Great Lakes Personal Care Plus,"GREAT LAKES HEALTH PLAN, INC.",3,2,Not enough data to calculate stars for this category,2
H7002,Humana Insurance Company,HUMANA INSURANCE COMPANY,4,1,Not enough data to calculate stars for this category,Not enough data to calculate stars for this category
H7006,"Marion Polk Community Health Plan Advantage, Inc.","MARION POLK COMMUNITY HEALTH PLAN ADVANTAGE, INC.",4,Not enough data to calculate stars for this category,Not enough data to calculate stars for this category,Not enough data to calculate stars for this category
H7015,Healthfirst NJ Medicare Plan,"HEALTHFIRST HEALTH PLAN OF NEW JERSEY, INC.",4,2,1,3
H7086,Community Health Group,COMMUNITY HEALTH GROUP,5,5,3,4
H7149,Coventry Health Care,"COVENTRY HEALTH CARE OF NEBRASKA, INC.",4,3,3,2
H7173,Advantage by Peach State,"PEACH STATE HEALTH PLAN, INC.",Plan too new to be measured,Plan too new to be measured,Plan too new to be measured,Plan too new to be measured
H7179,Arcadian Community Care,"ARCADIAN HEALTH PLAN OF LOUISIANA, INC.",3,2,3,4
H7187,SecureHorizons by UnitedHealthcare,UNITEDHEALTHCARE INSURANCE COMPANY,4,1,2,4
H7188,Humana Insurance Company,HUMANA INSURANCE COMPANY,3,2,4,4
H7200,AMERIGROUP Community Care,"AMERIGROUP TENNESSEE, INC.",4,3,4,3
H7220,"Clarian Health Plans, Inc. - Clarian Medicare","CLARIAN HEALTH PLANS, INC.",4,4,5,3
H7281,Bravo Health,"BRAVO HEALTH PENNSYLVANIA, INC.",3,Not enough data to calculate stars for this category,Not enough data to calculate stars for this category,Not enough data to calculate stars for this category
H7292,Alameda Alliance for Health,ALAMEDA ALLIANCE JOINT POWERS AUTHORITY (JPA),4,5,3,3
H7301,PersonalCare,PERSONAL CARE INSURANCE OF ILLINOIS,4,4,3,3
H7306,Coventry Health Care,FIRST HEALTH LIFE & HEALTH INSURANCE COMPANY,4,1,1,2
H7341,"Guardian Healthcare, Inc.","GUARDIAN HEALTHCARE, INC.",Plan too new to be measured,Plan too new to be measured,Plan too new to be measured,Plan too new to be measured
H7352,University Physicians/Maricopa Care Advantage,UPH/MIHS VENTURES L.L.C.,4,4,2,3
H7475,"Care Wisconsin Health Plan, Inc.","CARE WISCONSIN HEALTH PLAN, INC.",3,Not enough data to calculate stars for this category,Not enough data to calculate stars for this category,3
H7526,Medica Health Plans,MEDICA HEALTH PLANS,4,1,Not enough data to calculate stars for this category,3
H7678,"Molina Healthcare of Texas, Inc.","MOLINA HEALTHCARE OF TEXAS, INC.",4,Not enough data to calculate stars for this category,Not enough data to calculate stars for this category,4
H7731,MD Care Health Plan,"MD CARE, INC.",3,3,4,3
H7787,HealthSpring Medicare Advantage PPO,"HEALTHSPRING LIFE & HEALTH INSURANCE COMPANY, INC.",4,1,3,3
H7908,Aetna Medicare,AETNA HEALTH,3,1,1,5
H7917,BlueCross BlueShield of Tennessee,BLUE CROSS BLUE SHIELD OF TENNESSEE,4,2,4,3
H7949,SecureHorizons by UnitedHealthcare,"PACIFICARE OF NEVADA, INC.",Not enough data to calculate stars for this category,4,3,3
H8050,Carilion Clinic Medicare Health Plan,"CARILION CLINIC MEDICARE RESOURCES, LLC",4,Not enough data to calculate stars for this category,Not enough data to calculate stars for this category,Not enough data to calculate stars for this category
H8091,Arkansas Blue Cross and Blue Shield,ARKANSAS BLUE CROSS AND BLUE SHIELD,Plan too new to be measured,Plan too new to be measured,Plan too new to be measured,Plan too new to be measured
H8098,"Universal Health Care Insurance Company, Inc.",UNIVERSAL HEALTH CARE INSURANCE COMPANY,Plan too new to be measured,Plan too new to be measured,Plan too new to be measured,Plan too new to be measured
H8130,Molina Healthcare of Florida,"MOLINA HEALTHCARE OF FLORIDA, INC.",3,Not enough data to calculate stars for this category,Not enough data to calculate stars for this category,Not enough data to calculate stars for this category
H8145,Humana Insurance Company,HUMANA INSURANCE COMPANY,Plan too new to be measured,Plan too new to be measured,Plan too new to be measured,Plan too new to be measured
H8189,Advantage by Managed Health Services,"MANAGED HEALTH SERVICES, WISCONSIN",3,Not enough data to calculate stars for this category,Not enough data to calculate stars for this category,Not enough data to calculate stars for this category
H8319,"Universal Health Care Insurance Company, Inc.","UNIVERSAL HEALTH CARE INSURANCE COMPANY, INC.",Plan too new to be measured,Plan too new to be measured,Plan too new to be measured,Plan too new to be measured
H8393,Coventry Health Care,COVENTRY HEALTH AND LIFE INSURANCE CO. (NEBRASKA),4,Not enough data to calculate stars for this category,Not enough data to calculate stars for this category,3
H8558,Sterling Life Insurance Company,STERLING LIFE INSURANCE COMPANY,2,Not enough data to calculate stars for this category,Not enough data to calculate stars for this category,Not enough data to calculate stars for this category
H8578,"Health New England, Inc.","HEALTH NEW ENGLAND, INC.",4,4,5,3
H8604,Health Plan SecureChoice,THP INSURANCE COMPANY,5,Not enough data to calculate stars for this category,Not enough data to calculate stars for this category,2
H8644,Humana Insurance Company,HUMANA INSURANCE COMPANY,3,1,3,4
H8649,Altius Health Plans,"ALTIUS HEALTH PLANS, INC. (UTAH)",3,3,2,3
H8684,Aetna Medicare,AETNA LIFE INSURANCE COMPANY,3,Not enough data to calculate stars for this category,Not enough data to calculate stars for this category,Not enough data to calculate stars for this category
H8707,Humana Insurance Company,HUMANA INSURANCE COMPANY,3,3,4,4
H8742,Universal American,"ABRI HEALTH PLAN, INC",3,2,2,4
H8748,SecureHorizons by UnitedHealthcare,UNITEDHEALTHCARE INSURANCE COMPANY,4,1,Not enough data to calculate stars for this category,5
H8822,"ADVANTAGE Health Solutions, Inc.","ADVANTAGE HEALTH SOLUTIONS, INC.",4,Not enough data to calculate stars for this category,Not enough data to calculate stars for this category,4
H8953,"Humana Health Plan of Ohio, Inc.","HUMANA HEALTH PLAN OF OHIO, INC.",3,2,Not enough data to calculate stars for this category,Not enough data to calculate stars for this category
H8980,HealthAmerica,COVENTRY HEALTH AND LIFE INSURANCE COMPANY,4,3,Not enough data to calculate stars for this category,3
H8991,AMERIGROUP Community Care,"AMERIGROUP FLORIDA, INC.",3,2,3,4
H9001,Fallon Community Health Plan,FALLON COMMUNITY HEALTH PLAN,4,4,4,2
H9003,Kaiser Permanente,KAISER FOUNDATION HP OF THE N W,4,5,5,5
H9011,SecureHorizons by UnitedHealthcare,"UNITEDHEALTHCARE OF FLORIDA, INC.",4,2,3,3
H9047,Providence Health Plan,PROVIDENCE HEALTH PLAN,4,5,5,3
H9082,"Molina Healthcare of New Mexico, Inc.","MOLINA HEALTHCARE OF NEW MEXICO, INC.",4,Not enough data to calculate stars for this category,Not enough data to calculate stars for this category,4
H9104,SCAN Health Plan,SCAN HEALTH PLAN,4,5,5,3
H9184,Bravo Health,"BRAVO HEALTH MID-ATLANTIC, INC.",4,Not enough data to calculate stars for this category,Not enough data to calculate stars for this category,Not enough data to calculate stars for this category
H9302,Puget Sound Health Partners,"PUGET SOUND HEALTH PARTNERS, INC.",4,4,4,2
H9385,SCAN Health Plan Arizona,SCAN HEALTH PLAN OF ARIZONA,5,3,3,3
H9503,Humana Insurance Company,HUMANA INSURANCE COMPANY,3,1,2,3
H9572,Blue Cross Blue Shield of Michigan,BLUE CROSS BLUE SHIELD OF MICHIGAN,3,4,Not enough data to calculate stars for this category,Not enough data to calculate stars for this category
H9615,MVP HEALTH CARE,"MVP HEALTH PLAN, INC.",4,3,2,3
H9670,UPMC Health Plan,"UPMC HEALTH BENEFITS, INC.",4,Not enough data to calculate stars for this category,Not enough data to calculate stars for this category,Not enough data to calculate stars for this category
H9720,"AMERICA'S 1ST CHOICE HEALTH PLANS, INC.","AMERICA'S 1ST CHOICE HEALTH PLANS, INC.",4,1,3,3
H9779,"Guardian Healthcare, Inc.","GUARDIAN HEALTHCARE, INC.",3,Not enough data to calculate stars for this category,Not enough data to calculate stars for this category,Not enough data to calculate stars for this category
H9847,Coventry Health Care,COVENTRY HEALTH AND LIFE INSURANCE COMPANY,4,2,2,3
H9859,MVP HEALTH CARE,"MVP HEALTH PLAN, INC.",4,4,4,2
H9988,Sterling Life Insurance Company,STERLING LIFE INSURANCE COMPANY,2,Not enough data to calculate stars for this category,Not enough data to calculate stars for this category,Not enough data to calculate stars for this category
R3175,SecureHorizons by UnitedHealthcare,UNITEDHEALTHCARE INSURANCE COMPANY,4,3,1,4
R3332,"Blue Cross and Blue Shield of Florida, Inc.","BLUE CROSS AND BLUE SHIELD OF FL, INC.",3,1,Not enough data to calculate stars for this category,Not enough data to calculate stars for this category
R3444,Care Improvement Plus,CARE IMPROVEMENT PLUS SOUTH CENTRAL INSURANCE CO.,3,2,4,1
R5287,SecureHorizons by UnitedHealthcare,UNITEDHEALTHCARE INSURANCE COMPANY,3,2,2,4
R5342,SecureHorizons by UnitedHealthcare,UNITEDHEALTHCARE INSURANCE COMPANY OF NEW YORK,3,2,2,4
R5566,MedicareBlue PPO,"BCBS MN, MT, NE, ND, WY, WELLMARK IA AND SD",5,4,2,3
R5674,"Sierra Health and Life Insurance Company, Inc.","SIERRA HEALTH AND LIFE INSURANCE COMPANY, INC.",2,2,1,4
R5826,Humana Insurance Company,HUMANA INSURANCE COMPANY,3,2,2,3
R5941,Anthem Blue Cross and Blue Shield,"ANTHEM INSURANCE COMPANIES, INC.",3,2,3,3
R6801,Care Improvement Plus,CARE IMPROVEMENT PLUS OF TEXAS INSURANCE COMPANY,3,2,3,2
R7439,Akamai Advantage,HAWAII MEDICAL SERVICE ASSOCIATION,Plan too new to be measured,Plan too new to be measured,Plan too new to be measured,Plan too new to be measured
R7444,SecureHorizons by UnitedHealthcare,UNITEDHEALTHCARE INSURANCE COMPANY,3,1,3,4
R9896,Care Improvement Plus,CARE IMPROVEMENT PLUS SOUTH CENTRAL INSURANCE CO,3,2,5,2
R9943,Anthem Blue Cross Life & Health Insurance Company,ANTHEM BLUE CROSS LIFE AND HEALTH INSURANCE CO.,3,1,1,4
S0043,"Preferred Medicare Choice, Inc.","PREFERRED MEDICARE CHOICE, INC.",3,3,2,3
S0197,First Health Part D,CAMBRIDGE LIFE INSURANCE COMPANY,4,4,3,3
S0655,Tufts Health Plan,TUFTS INSURANCE COMPANY,4,Not enough data to calculate stars for this category,Not enough data to calculate stars for this category,Not enough data to calculate stars for this category
S1030,BlueRx,BCBS OF ALABAMA AND BCBS OF TENNESSEE,4,3,4,4
S1131,SummaCare Secure,SUMMA INSURANCE COMPANY,Plan too new to be measured,Plan too new to be measured,Plan too new to be measured,Plan too new to be measured
S2321,AmeriHealth Rx,QCC INS CO D/B/A AMERIHEALTH INS CO,4,2,2,3
S2468,Blue Shield of California,CA PHYSICIANS' SERVICE DBA BLUE SHIELD OF CA,3,4,3,4
S2505,Windsor Rx,"WINDSOR HEALTH PLAN, INC",4,3,2,3
S2770,AmeriHealth Advantage,QCC INS CO D/B/A AMERIHEALTH INS CO,4,4,3,3
S2874,"Humana Insurance of Puerto Rico, Inc","HUMANA INSURANCE OF PUERTO RICO, INC",4,Not enough data to calculate stars for this category,Not enough data to calculate stars for this category,4
S2893,Blue MedicareRx,BCBS RI & BCBS MA & BCBS VT & ANTHEM INSURANCE CO.,4,3,3,4
S3389,UPMC Health Plan,"UPMC HEALTH BENEFITS, INC",4,3,5,3
S3440,Alliance Medicare Rx,ALLIANCE HEALTH AND LIFE INSURANCE COMPANY,4,1,2,2
S3521,Simply Prescriptions,"EXCELLUS HEALTH PLAN, INC",5,4,4,5
S4219,Health Alliance Medicare Prescription Plan,HEALTH ALLIANCE MEDICAL PLANS,Plan too new to be measured,Plan too new to be measured,Plan too new to be measured,Plan too new to be measured
S4802,Sterling Life Insurance Company,STERLING LIFE INSURANCE COMPANY,2,3,3,4
S5540,Blue Cross and Blue Shield of North Carolina,BLUE CROSS AND BLUE SHIELD OF NORTH CAROLINA,4,5,5,3
S5552,Humana Insurance Company of New York,HUMANA INSURANCE COMPANY OF NEW YORK,2,2,2,5
S5555,MCS Classicare,"MCS ADVANTAGE, INC.",3,3,1,3
S5569,First Health Part D,CAMBRIDGE LIFE INSURANCE COMPANY,4,2,2,5
S5580,First United American Life Insurance Company,FIRST UNITED AMERICAN LIFE INSURANCE COMPANY,3,2,3,4
S5584,Blue Cross Blue Shield of Michigan,BLUE CROSS BLUE SHIELD OF MICHIGAN,3,4,3,3
S5585,HealthNow New York Inc.,HEALTHNOW NEW YORK INC.,4,Not enough data to calculate stars for this category,Not enough data to calculate stars for this category,3
S5593,Highmark Senior Resources Inc.,HIGHMARK SENIOR RESOURCES INC.,4,5,4,4
S5596,Blue MedicareRx,"ANTHEM INSURANCE COMPANIES, INC.",3,4,2,3
S5601,SilverScript Insurance Company,SILVERSCRIPT INSURANCE COMPANY,3,3,3,4
S5609,Asuris Northwest Health,ASURIS NORTHWEST HEALTH,4,5,3,4
S5617,CIGNA Medicare Rx,CONNECTICUT GENERAL LIFE INSURANCE COMPANY,3,4,3,4
S5644,RxAmerica,ACCENDO INSURANCE COMPANY,4,4,2,4
S5660,Medco Medicare Prescription Plan,MEDCO CONTAINMENT LIFE INSURANCE COMPANY,5,4,4,4
S5670,First Health Part D,COVENTRY HEALTH AND LIFE INSURANCE COMPANY,3,4,3,3
S5674,First Health Part D,FIRST HEALTH LIFE & HEALTH INSURANCE COMPANY,4,4,2,4
S5678,Health Net,HEALTH NET LIFE INS CO/HEALTH NET INS OF NY,4,3,2,4
S5715,"HISC - Blue Cross Blue Shield of IL, NM, OK, TX",HCSC INSURANCE SERVICES COMPANY,4,5,3,4
S5726,Blue MedicareRx,BLUE CROSS BLUE SHIELD OF KANSAS,3,4,4,4
S5743,MedicareBlue Rx,"BCBS MN, MT, NE, ND, WY, WELLMARK IA AND SD",5,5,4,5
S5753,WPS Health Insurance,WISCONSIN PHYSICIANS SERVICE INSURANCE CORPORATION,3,5,5,4
S5755,United American Insurance Company,UNITED AMERICAN INSURANCE COMPANY,3,4,3,3
S5766,Medi-CareFirst BlueCross BlueShield,"FIRST CARE, INC.",4,4,3,3
S5768,First Health Part D,FIRST HEALTH LIFE & HEALTH INSURANCE COMPANY,4,4,2,4
S5775,PICA,PHARMACY INSURANCE CORPORATION OF AMERICA,2,4,2,3
S5795,Arkansas Blue Cross  -  Medi-Pak Rx,"ARKANSAS BCBS, A MUTUAL INSURANCE COMPANY",5,5,4,3
S5803,Universal American,PENN LIFE INS CO AND AMER PROG LIFE AND HTH INS CO,3,4,2,4
S5805,UnitedHealthcare,UNITEDHEALTHCARE INSURANCE COMPANY OF NEW YORK,4,3,4,4
S5810,Aetna Medicare,AETNA LIFE INSURANCE COMPANY,3,2,3,5
S5820,UnitedHealthcare,UNITEDHEALTHCARE INSURANCE COMPANY,3,3,5,3
S5825,Universal American,AMERICAN PROGRESSIVE LIFE AND HEALTH INS CO NY,4,4,2,5
S5840,"First Medical Health Plan, Inc.","FIRST MEDICAL HEALTH PLAN, INC",3,Not enough data to calculate stars for this category,Not enough data to calculate stars for this category,3
S5857,Priority Health Medicare,PRIORITY HEALTH INSURANCE COMPANY,4,2,4,4
S5877,Educators Mutual Insurance Association,EDUCATORS MUTUAL INSURANCE ASSOCIATION,4,5,5,3
S5884,Humana Insurance Company,HUMANA INSURANCE COMPANY,3,3,2,4
S5904,"Blue Cross and Blue Shield of Florida, Inc.","BLUE CROSS AND BLUE SHIELD OF FLORIDA, INC.",3,4,3,3
S5907,"Triple-S Salud, Inc.","TRIPLE-S SALUD, INC.",2,3,1,4
S5916,Regence Life and Health,REGENCE LIFE AND HEALTH INSURANCE COMPANY,4,5,3,4
S5921,UnitedHealthcare,UNITEDHEALTHCARE INS. CO. AND UNITEDHEALTHCARE NY,3,4,3,3
S5932,HealthSpring Prescription Drug Plan,"HEALTHSPRING LIFE & HEALTH INSURANCE COMPANY, INC.",3,5,3,4
S5937,Blue Cross and Blue Shield of Louisiana,LOUISIANA HEALTH SERVICE AND INDEMNITY COMPANY,2,5,4,3
S5953,Blue Cross Blue Shield of South Carolina,BLUE CROSS AND BLUE SHIELD OF SOUTH CAROLINA,4,5,3,4
S5960,UniCare,UNICARE LIFE AND HEALTH INSURANCE COMPANY,3,2,2,4
S5966,EmblemHealth Medicare PDP,GROUP HEALTH INCORPORATED,4,4,4,5
S5967,WellCare,"WELLCARE PRESCRIPTION INSURANCE, INC.",5,4,3,4
S5983,Medco Medicare Prescription Plan,MEDCO CONTAINMENT INSURANCE COMPANY OF NEW YORK,5,4,3,5
S5993,"Horizon Blue Cross Blue Shield of New Jersey, Inc.",HORIZON HEALTHCARE SERVICES DBA HORIZON BCBS NJ,3,3,3,4
S5998,Bravo Health,"BRAVO HEALTH INSURANCE COMPANY, INC.",3,4,1,4
S7694,EnvisionRx Plus,ENVISION INSURANCE COMPANY,3,4,1,4
S8067,Avalon Insurance Company,AVALON INSURANCE COMPANY,3,4,3,4
MA-PD Average,,,4,3,3,3
PDP Average,,,4,4,3,4
Overall Average,,,4,3,3,3
