2012 Domain Star: Medicare Part D Report Card Master Table,,,,,,,,,,,,,,,,,,,
,,,,,,,,,,,,,,,,,,,
Medicare Part D Report Card Master Table,,,,,,,,,,,,,,,,,,,
Contract Number,Organization Type,Contract Name,Organization Marketing Name,Parent Organization,Drug Plan Customer Service,"Member Complaints, Problems Getting Care, and Choosing to Leave the Plan",Member Experience with Drug Plan,Drug Pricing and Patient Safety,,,,,,,,,,,
E0654,Employer/Union Only Direct Contract PDP,IBT VOLUNTARY EMPLOYEE BENEFITS TRUST,TEAMStar Medicare Part D Prescription Drug Program,IBT Voluntary Employee Benefits Trust,Not enough data to calculate stars for this category,Not enough data to calculate stars for this category,Not enough data to calculate stars for this category,3,,,,,,,,,,,
E2332,Employer/Union Only Direct Contract PDP,NATIONAL RURAL ELECTRIC COOPERATIVE ASSOCIATION,National Rural Electric Cooperative Association,National Rural Electric Cooperative Association,Not enough data to calculate stars for this category,Not enough data to calculate stars for this category,Not enough data to calculate stars for this category,4,,,,,,,,,,,
E2630,Employer/Union Only Direct Contract PDP,C AND O EMPLOYEES HOSPITAL ASSOCIATION,C and O Employees Hospital Association,C & O Employees' Hospital Association,Not enough data to calculate stars for this category,Not enough data to calculate stars for this category,Not enough data to calculate stars for this category,3,,,,,,,,,,,
E2868,Employer/Union Only Direct Contract PDP,CARPENTER'S HEALTH  AND WELFARE TRUST FUND OF STL,Carpenters' District Council of Greater St. Louis,Carpenters H&W Trust Fund of St. Louis,Not enough data to calculate stars for this category,Not enough data to calculate stars for this category,Not enough data to calculate stars for this category,4,,,,,,,,,,,
E3014,Employer/Union Only Direct Contract PDP,PSERS HOP PROGRAM,Pennsylvania Public School Employees Retirement Sy,Commonwealth of PA Pub Schools Retirement System,Not enough data to calculate stars for this category,Not enough data to calculate stars for this category,Not enough data to calculate stars for this category,4,,,,,,,,,,,
E4744,Employer/Union Only Direct Contract PDP,MO DOT AND MSHP MEDICAL AND LIFE INS PLAN,MISSOURI DEPARTMENT OF TRANSPORTATION,Missouri  DOT/State Highway Patrol Med & Life Ins,Not enough data to calculate stars for this category,Not enough data to calculate stars for this category,Not enough data to calculate stars for this category,4,,,,,,,,,,,
E6036,Employer/Union Only Direct Contract PFFS,ASOCIACION DE MAESTROS DE PUERTO RICO,PROSSAM Plus,Asociacion De Maestros De Puerto Rico,Not enough data to calculate stars for this category,Not enough data to calculate stars for this category,Not enough data to calculate stars for this category,2,,,,,,,,,,,
E6322,Employer/Union Only Direct Contract PDP,KENTUCKY RETIREMENT SYSTEM,Kentucky Retirement Systems,Kentucky Retirement Systems,Not enough data to calculate stars for this category,Not enough data to calculate stars for this category,Not enough data to calculate stars for this category,3,,,,,,,,,,,
E7316,Employer/Union Only Direct Contract PDP,UNION PACIFIC RAILROAD EMPLOYES HEALTH SYSTEMS,Union Pacific Railroad  Employes Health Systems,Union Pacific Railroad Employes Health Systems,Not enough data to calculate stars for this category,Not enough data to calculate stars for this category,Not enough data to calculate stars for this category,2,,,,,,,,,,,
E7848,Employer/Union Only Direct Contract PDP,OKLAHOMA STATE AND EDUCATION EMP GRP INS BOARD,HealthChoice,Oklahoma State and Educ Employees Group Ins Board,Not enough data to calculate stars for this category,Not enough data to calculate stars for this category,Not enough data to calculate stars for this category,3,,,,,,,,,,,
H0084,Local CCP,CARE IMPROVEMENT PLUS OF TEXAS INSURANCE COMPANY,Care Improvement Plus,XLHealth Corporation,3,2,3,2,,,,,,,,,,,
H0104,Local CCP,BLUE CROSS AND BLUE SHIELD OF ALABAMA,Blue Cross and Blue Shield of Alabama,BlueCross BlueShield of Alabama,3,2,3,2,,,,,,,,,,,
H0108,Local CCP,"HUMANA HEALTH PLAN OF CALIFORNIA, INC.","Humana Health Plan of California, Inc.",Humana Inc.,3,3,Not enough data to calculate stars for this category,3,,,,,,,,,,,
H0117,Local CCP,"WELLCARE OF OHIO, INC.",WellCare,"WellCare Health Plans, Inc.",5,2,2,3,,,,,,,,,,,
H0141,Local CCP,CARESOURCE MICHIGAN,CareSource,CareSource,Not enough data to calculate stars for this category,Not enough data to calculate stars for this category,Not enough data to calculate stars for this category,3,,,,,,,,,,,
H0150,Local CCP,"HEALTHSPRING OF ALABAMA, INC.","Healthspring of Alabama, Inc.","HealthSpring, Inc.",4,3,4,1,,,,,,,,,,,
H0151,Local CCP,"UNITEDHEALTHCARE OF ALABAMA, INC.",UnitedHealthcare,"UnitedHealth Group, Inc.",4,3,4,2,,,,,,,,,,,
H0154,Local CCP,"VIVA HEALTH, INC.",VIVA Medicare Plus,UAB Health System,4,5,4,3,,,,,,,,,,,
H0248,Local CCP,HUMANA INSURANCE COMPANY,Humana Insurance Company,Humana Inc.,4,3,2,3,,,,,,,,,,,
H0251,Local CCP,"UNITEDHEALTHCARE PLAN OF THE RIVER VALLEY, INC.",UnitedHealthcare Community Plan,"UnitedHealth Group, Inc.",3,3,3,2,,,,,,,,,,,
H0294,Local CCP,CARE IMPROVEMENT PLUS WISCONSIN INSURANCE COMPANY,Care Improvement Plus,XLHealth Corporation,Plan too new to be measured,Plan too new to be measured,Plan too new to be measured,Plan too new to be measured,,,,,,,,,,,
H0302,Local CCP,"BANNER MEDISUN, INC.",Banner MediSun,Banner Health,4,5,5,4,,,,,,,,,,,
H0303,Local CCP,"PACIFICARE OF ARIZONA, INC",UnitedHealthcare,"UnitedHealth Group, Inc.",4,3,4,3,,,,,,,,,,,
H0307,Local CCP,"HUMANA HEALTH PLAN, INC.","Humana Health Plan, Inc.",Humana Inc.,3,3,2,3,,,,,,,,,,,
H0316,Local CCP,"UNITEDHEALTHCARE OF ARIZONA,  INC.",UnitedHealthcare,"UnitedHealth Group, Inc.",4,3,4,3,,,,,,,,,,,
H0317,Local CCP,HUMANA INSURANCE COMPANY,Humana Insurance Company,Humana Inc.,3,3,3,4,,,,,,,,,,,
H0318,Local CCP,AETNA HEALTH INC.,Aetna Medicare,Aetna Inc.,Not enough data to calculate stars for this category,1,2,4,,,,,,,,,,,
H0319,Local CCP,UNITEDHEALTHCARE INSURANCE COMPANY,UnitedHealthcare,"UnitedHealth Group, Inc.",3,4,Not enough data to calculate stars for this category,2,,,,,,,,,,,
H0320,Local CCP,"ARCADIAN HEALTH PLAN, INC.",Desert Canyon Community Care,Arcadian Management Services Inc.,Not enough data to calculate stars for this category,3,2,3,,,,,,,,,,,
H0321,Local CCP,"ARIZONA PHYSICIANS IPA, INC.",UnitedHealthcare Community Plan,"UnitedHealth Group, Inc.",4,4,2,2,,,,,,,,,,,
H0332,Local CCP,"KS PLAN ADMINISTRATORS, LLC",KelseyCare Advantage,"KS Plan Administrators, LLC",4,4,4,4,,,,,,,,,,,
H0351,Local CCP,"HEALTH NET OF ARIZONA, INC.","Health Net of Arizona, Inc.","Health Net, Inc.",Not enough data to calculate stars for this category,2,4,3,,,,,,,,,,,
H0354,Local CCP,"CIGNA HEALTHCARE OF ARIZONA, INC.",CIGNA HealthCare of Arizona,CIGNA,3,4,4,4,,,,,,,,,,,
H0401,Local CCP,"UNITEDHEALTHCARE OF ARKANSAS, INC.",UnitedHealthcare,"UnitedHealth Group, Inc.",4,3,4,3,,,,,,,,,,,
H0408,Local CCP,UNITEDHEALTHCARE INSURANCE COMPANY,UnitedHealthcare,"UnitedHealth Group, Inc.",Not enough data to calculate stars for this category,Not enough data to calculate stars for this category,Not enough data to calculate stars for this category,2,,,,,,,,,,,
H0423,Local CCP,"METROPLUS HEALTH PLAN, INC.",MetroPlus Health Plan,New York City Health and Hospitals Corporation,3,2,2,3,,,,,,,,,,,
H0490,Local CCP,MOLINA HEALTHCARE OF OHIO,Molina Healthcare of Ohio,"Molina Healthcare, Inc.,",3,Not enough data to calculate stars for this category,Not enough data to calculate stars for this category,3,,,,,,,,,,,
H0504,Local CCP,CALIFORNIA PHYSICIANS' SERVICE,Blue Shield of California,California Physicians' Service,3,4,4,4,,,,,,,,,,,
H0523,Local CCP,"AETNA HEALTH OF CALIFORNIA,INC.",Aetna Medicare,Aetna Inc.,Not enough data to calculate stars for this category,2,3,3,,,,,,,,,,,
H0524,Local CCP,"KAISER FOUNDATION HP, INC.",Kaiser Permanente Senior Advantage,"Kaiser Foundation Health Plan, Inc.",4,5,5,5,,,,,,,,,,,
H0543,Local CCP,UNITEDHEALTHCARE OF CALIFORNIA,UnitedHealthcare,"UnitedHealth Group, Inc.",4,3,4,4,,,,,,,,,,,
H0544,Local CCP,CAREMORE HEALTH PLAN,CareMore Health Plan,"WellPoint, Inc.",4,5,4,3,,,,,,,,,,,
H0545,Local CCP,"INTER VALLEY HEALTH PLAN, INC.",Inter Valley Health Plan,InterValley Health Plan,4,5,5,3,,,,,,,,,,,
H0562,Local CCP,HEALTH NET OF CALIFORNIA,Health Net of California,"Health Net, Inc.",2,3,4,4,,,,,,,,,,,
H0564,Local CCP,BLUE CROSS OF CALIFORNIA,Anthem Blue Cross,"WellPoint, Inc.",2,3,3,3,,,,,,,,,,,
H0571,Local CCP,CHINESE COMMUNITY HEALTH PLAN,Chinese Community Health Plan,Chinese Hospital Association,3,5,2,4,,,,,,,,,,,
H0602,1876 Cost,ROCKY MOUNTAIN HEALTH MAINTENANCE ORGANIZATION,Rocky Mountain Health Plans,"Rocky Mountain HMO, Inc.",Not enough data to calculate stars for this category,5,4,4,,,,,,,,,,,
H0609,Local CCP,"PACIFICARE OF COLORADO, INC",UnitedHealthcare,"UnitedHealth Group, Inc.",4,3,4,3,,,,,,,,,,,
H0620,Local CCP,UNITEDHEALTHCARE INSURANCE COMPANY,UnitedHealthcare,"UnitedHealth Group, Inc.",3,4,Not enough data to calculate stars for this category,4,,,,,,,,,,,
H0621,Local CCP,COLORADO ACCESS,Colorado Access Advantage,Colorado Access,4,4,2,3,,,,,,,,,,,
H0623,Local CCP,HUMANA INSURANCE COMPANY,Humana Insurance Company,Humana Inc.,4,3,3,4,,,,,,,,,,,
H0624,Local CCP,UNITEDHEALTHCARE INSURANCE COMPANY,UnitedHealthcare,"UnitedHealth Group, Inc.",4,4,3,3,,,,,,,,,,,
H0630,Local CCP,KAISER FOUNDATION HP OF CO,Kaiser Permanente Senior Advantage,"Kaiser Foundation Health Plan, Inc.",3,5,5,5,,,,,,,,,,,
H0710,Local CCP,UNITEDHEALTHCARE INSURANCE COMPANY,UnitedHealthcare,"UnitedHealth Group, Inc.",4,3,2,3,,,,,,,,,,,
H0712,Local CCP,"WELLCARE OF CONNECTICUT, INC.",WellCare,"WellCare Health Plans, Inc.",4,3,2,3,,,,,,,,,,,
H0752,Local CCP,"OXFORD HEALTH PLANS (CT), INC.",UnitedHealthcare,"UnitedHealth Group, Inc.",4,2,4,4,,,,,,,,,,,
H0755,Local CCP,"OXFORD HEALTH PLANS (CT), INC.",UnitedHealthcare,"UnitedHealth Group, Inc.",3,2,3,4,,,,,,,,,,,
H0838,Local CCP,"UNIVERSAL CARE, INC.",Brand New Day,"Universal Care, Inc",4,3,3,3,,,,,,,,,,,
H0901,Local CCP,AETNA HEALTH INC.,Aetna Medicare,Aetna Inc.,Not enough data to calculate stars for this category,Not enough data to calculate stars for this category,Not enough data to calculate stars for this category,3,,,,,,,,,,,
H0908,Local CCP,"BUCKEYE COMMUNITY HEALTH PLAN, INC.",Advantage by Buckeye Community Health Plan,Centene Corporation,Not enough data to calculate stars for this category,Not enough data to calculate stars for this category,Not enough data to calculate stars for this category,2,,,,,,,,,,,
H0913,Local CCP,"WELLCARE HEALTH PLANS OF NEW JERSEY, INC.",WellCare,"WellCare Health Plans, Inc.",5,3,2,3,,,,,,,,,,,
H0979,PFFS,"AMERICA'S 1ST CHOICE INSURANCE COMPANY OF NC, INC.","AMERICA'S 1ST CHOICE INSURANCE COMPANY OF NC, INC.","America¿s 1st Choice Insurance Company of NC, Inc.",5,3,4,3,,,,,,,,,,,
H1013,Local CCP,"COVENTRY HEALTH PLAN OF FLORIDA, INC",Coventry Health Plan of Florida,Coventry Health Care Inc.,5,2,4,3,,,,,,,,,,,
H1016,Local CCP,"AVMED, INC",AvMed Medicare,"AvMed, Inc.",5,4,4,2,,,,,,,,,,,
H1019,Local CCP,"CAREPLUS HEALTH PLANS, INC.","CarePlus Health Plans, Inc.",Humana Inc.,4,3,4,3,,,,,,,,,,,
H1026,Local CCP,"HEALTH OPTIONS, INC","Health Options, Inc / Blue Cross Blue Shield of FL",Blue Cross and Blue Shield of Florida,3,3,2,3,,,,,,,,,,,
H1032,Local CCP,"WELL CARE OF FLORIDA, INC.",WellCare,"WellCare Health Plans, Inc.",4,3,3,3,,,,,,,,,,,
H1035,Local CCP,"FLORIDA HEALTH CARE PLAN, INC.","Florida Health Care Plan, Inc.",Blue Cross and Blue Shield of Florida,4,5,5,4,,,,,,,,,,,
H1036,Local CCP,"HUMANA MEDICAL PLAN, INC.","Humana Medical Plan, Inc.",Humana Inc.,4,4,4,3,,,,,,,,,,,
H1045,Local CCP,PREFERRED CARE PARTNERS INC.,"Preferred Care Partners, Inc.",Preferred Care Partners Holding Corp,4,3,5,3,,,,,,,,,,,
H1076,Local CCP,"COVENTRY HEALTH CARE OF FLORIDA, INC",Coventry Health Care of Florida,Coventry Health Care Inc.,4,2,4,3,,,,,,,,,,,
H1080,Local CCP,"UNITEDHEALTHCARE OF FLORIDA, INC.",UnitedHealthcare,"UnitedHealth Group, Inc.",4,2,4,3,,,,,,,,,,,
H1099,Local CCP,"HEALTH FIRST HEALTH PLANS, INC.",Health First Medicare Plans,Health First,4,5,4,3,,,,,,,,,,,
H1108,Local CCP,UNITEDHEALTHCARE INSURANCE COMPANY,UnitedHealthcare,"UnitedHealth Group, Inc.",4,3,4,2,,,,,,,,,,,
H1109,Local CCP,AETNA HEALTH INC.(GEORGIA),Aetna Medicare,Aetna Inc.,Not enough data to calculate stars for this category,2,2,3,,,,,,,,,,,
H1110,Local CCP,AETNA LIFE INSURANCE COMPANY,Aetna Medicare,Aetna Inc.,Not enough data to calculate stars for this category,2,Not enough data to calculate stars for this category,3,,,,,,,,,,,
H1111,Local CCP,"UNITEDHEALTHCARE OF GEORGIA, INC.",UnitedHealthcare,"UnitedHealth Group, Inc.",4,3,4,2,,,,,,,,,,,
H1112,Local CCP,"WELLCARE OF GEORGIA, INC.",WellCare,"WellCare Health Plans, Inc.",4,2,2,3,,,,,,,,,,,
H1170,Local CCP,"KAISER FOUNDATION HP OF GA, INC.",Kaiser Permanente Senior Advantage,"Kaiser Foundation Health Plan, Inc.",3,4,5,4,,,,,,,,,,,
H1216,Local CCP,"HARMONY HEALTH PLAN OF ILLINOIS, INC.",WellCare,"WellCare Health Plans, Inc.",4,2,2,2,,,,,,,,,,,
H1230,Local CCP,"KAISER FOUNDATION HP, INC.",Kaiser Permanente Senior Advantage,"Kaiser Foundation Health Plan, Inc.",4,5,5,5,,,,,,,,,,,
H1251,1876 Cost,HAWAII MEDICAL SERVICE ASSOCIATION (HMSA),HMSA's 65C Plus,Hawaii Medical Service Association,2,4,4,4,,,,,,,,,,,
H1264,Local CCP,"WELLCARE OF TEXAS, INC.",WellCare,"WellCare Health Plans, Inc.",4,2,2,3,,,,,,,,,,,
H1286,Local CCP,UNITEDHEALTHCARE INSURANCE COMPANY,UnitedHealthcare,"UnitedHealth Group, Inc.",3,3,3,4,,,,,,,,,,,
H1291,PFFS,HUMANA INSURANCE COMPANY OF NEW YORK,Humana Insurance Company of New York,Humana Inc.,3,Not enough data to calculate stars for this category,Not enough data to calculate stars for this category,Not enough data to calculate stars for this category,,,,,,,,,,,
H1302,Local CCP,BLUE CROSS OF IDAHO HLTH SERVICES INC,Blue Cross of Idaho,"Blue Cross of Idaho Health Services, Inc.",3,5,4,4,,,,,,,,,,,
H1303,Local CCP,UNITEDHEALTHCARE INSURANCE COMPANY,UnitedHealthcare,"UnitedHealth Group, Inc.",4,4,4,4,,,,,,,,,,,
H1304,Local CCP,REGENCE BLUE SHIELD OF IDAHO,Regence BlueShield Of Idaho,The Regence Group,4,4,4,3,,,,,,,,,,,
H1350,Local CCP,"BLUE CROSS OF IDAHO HEALTH SERVICES, INC",Blue Cross of Idaho,"Blue Cross of Idaho Health Services, Inc.",3,4,5,3,,,,,,,,,,,
H1355,Local CCP,"BRAVO HEALTH INSURANCE COMPANY, INC.",Bravo Health,"HealthSpring, Inc.",4,Not enough data to calculate stars for this category,Not enough data to calculate stars for this category,2,,,,,,,,,,,
H1365,Local CCP,"MARTIN'S POINT GENERATIONS, LLC",Martin's Point Generations Advantage,"Martin's Point Health Care, Inc.",4,5,Not enough data to calculate stars for this category,5,,,,,,,,,,,
H1406,Local CCP,"HUMANA HEALTH PLAN, INC.","Humana Health Plan, Inc.",Humana Inc.,3,4,4,3,,,,,,,,,,,
H1415,Local CCP,"HEALTHSPRING OF TENNESSEE, INC.","HealthSpring, Inc.","HealthSpring, Inc.",3,3,3,3,,,,,,,,,,,
H1416,Local CCP,"HARMONY HEALTH PLAN OF ILLINOIS, INC.",WellCare,"WellCare Health Plans, Inc.",5,3,3,3,,,,,,,,,,,
H1417,Local CCP,HEALTH ALLIANCE MEDICAL PLANS,Health Alliance Medical Plans,Health Alliance Medical Plans,4,4,5,4,,,,,,,,,,,
H1418,Local CCP,HUMANA INSURANCE COMPANY,Humana Insurance Company,Humana Inc.,4,2,3,3,,,,,,,,,,,
H1419,Local CCP,"AETNA HEALTH,  INC.",Aetna Medicare,Aetna Inc.,Not enough data to calculate stars for this category,2,Not enough data to calculate stars for this category,3,,,,,,,,,,,
H1463,Local CCP,HEALTH ALLIANCE MEDICAL PLANS,Health Alliance Medical Plans,Health Alliance Medical Plans,4,5,5,4,,,,,,,,,,,
H1468,Local CCP,"HUMANA BENEFIT PLAN OF ILLINOIS, INC.","Humana Benefit Plan of Illinois, Inc.",Humana Inc.,4,4,3,4,,,,,,,,,,,
H1509,Local CCP,UNITEDHEALTHCARE INSURANCE COMPANY,UnitedHealthcare,"UnitedHealth Group, Inc.",4,3,4,3,,,,,,,,,,,
H1510,Local CCP,HUMANA INSURANCE COMPANY,Humana Insurance Company,Humana Inc.,3,4,4,3,,,,,,,,,,,
H1517,Local CCP,"ANTHEM INSURANCE COMPANIES, INC.",Anthem Blue Cross and Blue Shield,"WellPoint, Inc.",2,2,4,3,,,,,,,,,,,
H1537,Local CCP,UNITEDHEALTHCARE INSURANCE COMPANY OF NEW YORK,UnitedHealthcare,"UnitedHealth Group, Inc.",Plan too new to be measured,Plan too new to be measured,Plan too new to be measured,Plan too new to be measured,,,,,,,,,,,
H1595,Local CCP,HEALTHPLUS INSURANCE COMPANY,HealthPlus,HealthPlus of Michigan,4,Not enough data to calculate stars for this category,Not enough data to calculate stars for this category,4,,,,,,,,,,,
H1607,Local CCP,"ANTHEM INSURANCE COMPANIES, INC.",Anthem Blue Cross and Blue Shield,"WellPoint, Inc.",2,2,4,3,,,,,,,,,,,
H1608,Local CCP,COVENTRY HEALTH AND LIFE INSURANCE COMPANY,Coventry Health Care,Coventry Health Care Inc.,5,3,4,4,,,,,,,,,,,
H1609,Local CCP,"COVENTRY HEALTH CARE OF IOWA, INC.",Coventry Health Care,Coventry Health Care Inc.,4,2,3,4,,,,,,,,,,,
H1659,Local CCP,"PIEDMONT COMMUNITY HEALTHCARE, INC.",Piedmont Medicare Advantage,Piedmont Community Health Plan,3,Not enough data to calculate stars for this category,Not enough data to calculate stars for this category,Not enough data to calculate stars for this category,,,,,,,,,,,
H1681,Local CCP,HUMANA INSURANCE COMPANY,Humana Insurance Company,Humana Inc.,4,3,4,3,,,,,,,,,,,
H1716,Local CCP,HUMANA INSURANCE COMPANY,Humana Insurance Company,Humana Inc.,4,2,4,4,,,,,,,,,,,
H1717,Local CCP,UNITEDHEALTHCARE INSURANCE COMPANY,UnitedHealthcare,"UnitedHealth Group, Inc.",4,2,3,2,,,,,,,,,,,
H1777,Local CCP,"CATHOLIC SPECIAL NEEDS PLAN, LLC","ArchCare Advantage,HMO SNP","Catholic Health Care System, Inc.",Not enough data to calculate stars for this category,5,Not enough data to calculate stars for this category,3,,,,,,,,,,,
H1804,PFFS,HUMANA INSURANCE COMPANY,Humana Insurance Company,Humana Inc.,3,5,Not enough data to calculate stars for this category,4,,,,,,,,,,,
H1806,Local CCP,HUMANA INSURANCE COMPANY,Humana Insurance Company,Humana Inc.,4,4,3,3,,,,,,,,,,,
H1837,Local CCP,"ESSENCE HEALTHCARE, INC.",Essence Healthcare,Essence Group Holdings Corporation,4,2,4,4,,,,,,,,,,,
H1846,Local CCP,MOUNT CARMEL HEALTH INSURANCE COMPANY,MediGold,Trinity Health,5,Not enough data to calculate stars for this category,Not enough data to calculate stars for this category,3,,,,,,,,,,,
H1849,Local CCP,"ANTHEM HEALTH PLANS OF KENTUCKY, INC.",Anthem Blue Cross and Blue Shield,"WellPoint, Inc.",2,4,3,2,,,,,,,,,,,
H1903,Local CCP,"WELLCARE OF LOUISIANA, INC.",WellCare,"WellCare Health Plans, Inc.",4,2,3,2,,,,,,,,,,,
H1906,PFFS,"HUMANA HEALTH BENEFIT PLAN OF LA, INC.","Humana Health Benefit Plan of LA, Inc.",Humana Inc.,4,3,4,3,,,,,,,,,,,
H1944,Local CCP,UNITEDHEALTHCARE INSURANCE COMPANY,UnitedHealthcare,"UnitedHealth Group, Inc.",3,2,4,5,,,,,,,,,,,
H1951,Local CCP,"HUMANA HEALTH BENEFIT PLAN OF LOUISIANA, INC.","Humana Health Benefit Plan of Louisiana, Inc.",Humana Inc.,3,5,4,3,,,,,,,,,,,
H1961,Local CCP,"PEOPLES HEALTH, INC.",Peoples Health,"New Orleans Reg Physician Hosp Organization, Inc.",4,4,4,3,,,,,,,,,,,
H2001,Local CCP,UNITEDHEALTHCARE INSURANCE COMPANY,UnitedHealthcare,"UnitedHealth Group, Inc.",4,3,4,4,,,,,,,,,,,
H2012,Local CCP,"HUMANA HEALTH PLAN, INC.","Humana Health Plan, Inc.",Humana Inc.,4,3,3,3,,,,,,,,,,,
H2029,Local CCP,"HUMANA INSURANCE OF PUERTO RICO, INC.","Humana Insurance of Puerto Rico, Inc.",Humana Inc.,4,2,2,2,,,,,,,,,,,
H2034,Local CCP,"COMMUNITY CARE HEALTH PLAN, INC.",Community Care,"Community Care, Inc.",Not enough data to calculate stars for this category,Not enough data to calculate stars for this category,Not enough data to calculate stars for this category,3,,,,,,,,,,,
H2108,Local CCP,BRAVO HEALTH MID- ATLANTIC INC.,Bravo Health,"HealthSpring, Inc.",3,2,2,2,,,,,,,,,,,
H2111,Local CCP,UNITEDHEALTHCARE INSURANCE COMPANY,UnitedHealthcare,"UnitedHealth Group, Inc.",4,3,Not enough data to calculate stars for this category,3,,,,,,,,,,,
H2112,Local CCP,"AETNA HEALTH, INC.",Aetna Medicare,Aetna Inc.,Not enough data to calculate stars for this category,2,1,4,,,,,,,,,,,
H2150,1876 Cost,KAISER FNDN HP OF THE MID-ATLANTIC STS,Kaiser Permanente Medicare Plus,"Kaiser Foundation Health Plan, Inc.",Not enough data to calculate stars for this category,5,4,5,,,,,,,,,,,
H2161,Local CCP,"UPPER PENINSULA HEALTH PLAN, INC.",Upper Peninsula Health Plan Plus (HMO SNP),"UPPER PENINSULA HEALTH PLAN, INC.",Not enough data to calculate stars for this category,Not enough data to calculate stars for this category,Not enough data to calculate stars for this category,Not enough data to calculate stars for this category,,,,,,,,,,,
H2165,Local CCP,"HEALTHSPRING LIFE & HEALTH INSURANCE COMPANY, INC.",HealthSpring Life & Health,"HealthSpring, Inc.",4,3,3,3,,,,,,,,,,,
H2174,Local CCP,TRILLIUM COMMUNITY HEALTH PLAN,Trillium Advantage,Trillium Community Health Plan,3,5,5,4,,,,,,,,,,,
H2182,Local CCP,UNITEDHEALTHCARE INSURANCE COMPANY,UnitedHealthcare,"UnitedHealth Group, Inc.",4,2,3,3,,,,,,,,,,,
H2224,Local CCP,"SENIOR WHOLE HEALTH, LLC",Senior Whole Health,"Senior Whole Health, LLC",2,5,5,4,,,,,,,,,,,
H2225,Local CCP,"COMMONWEALTH CARE ALLIANCE, INC.","Commonwealth Care Alliance, Inc.","Commonwealth Care Alliance, Inc.",4,5,5,4,,,,,,,,,,,
H2226,Local CCP,UNITEDHEALTHCARE INSURANCE COMPANY,UnitedHealthcare Community Plan,"UnitedHealth Group, Inc.",4,3,5,4,,,,,,,,,,,
H2228,Local CCP,UNITEDHEALTHCARE INSURANCE COMPANY,UnitedHealthcare,"UnitedHealth Group, Inc.",4,4,Not enough data to calculate stars for this category,4,,,,,,,,,,,
H2230,Local CCP,"BLUE CROSS AND BLUE SHIELD OF MA HMO BLUE, INC.",Blue Cross Blue Shield of Massachusetts,"Blue Cross and Blue Shield of Massachusetts, Inc.",5,4,3,4,,,,,,,,,,,
H2237,Local CCP,"INDEPENDENT CARE HEALTH PLAN, INC.",iCare,Independent Care Health Plan Inc.,5,4,4,2,,,,,,,,,,,
H2241,Local CCP,GOLDEN STATE MEDICARE HEALTH PLAN,"Golden State Medicare Health Plan, Golden (HMO)",Golden State Medicare Health Plan,4,Not enough data to calculate stars for this category,Not enough data to calculate stars for this category,3,,,,,,,,,,,
H2256,Local CCP,"TUFTS ASSOCIATED HMO, INC.",Tufts Health Plan Medicare Preferred,"TAHMO, Inc.",3,4,5,4,,,,,,,,,,,
H2261,Local CCP,"BLUE CROSS AND BLUE SHIELD OF MA HMO BLUE, INC.",Blue Cross Blue Shield of Massachusetts,"Blue Cross and Blue Shield of Massachusetts, Inc.",4,4,3,4,,,,,,,,,,,
H2312,Local CCP,HEALTH ALLIANCE PLAN OF MICHIGAN,HAP Senior Plus,Health Alliance Plan (HAP),4,5,4,4,,,,,,,,,,,
H2320,Local CCP,PRIORITY HEALTH,Priority Health Medicare,Spectrum Health System,3,4,4,4,,,,,,,,,,,
H2322,Local CCP,"ALLIANCE HEALTH AND LIFE INSURANCE, CO",Alliance Medicare PPO,Health Alliance Plan (HAP),4,3,3,4,,,,,,,,,,,
H2323,Local CCP,FIDELIS SECURECARE OF MICHIGAN,Fidelis SecureCare Of Michigan,Fidelis SecureCare,Not enough data to calculate stars for this category,5,Not enough data to calculate stars for this category,4,,,,,,,,,,,
H2354,Local CCP,HEALTHPLUS OF MICHIGAN,HealthPlus of Michigan,HealthPlus of Michigan,4,5,5,4,,,,,,,,,,,
H2406,Local CCP,UNITEDHEALTHCARE INSURANCE COMPANY,UnitedHealthcare,"UnitedHealth Group, Inc.",4,4,Not enough data to calculate stars for this category,3,,,,,,,,,,,
H2410,PFFS,MEDICA HEALTH PLANS,Medica Health Plans,Medica Holding Company,3,Not enough data to calculate stars for this category,Not enough data to calculate stars for this category,4,,,,,,,,,,,
H2411,Local CCP,FALLON COMMUNITY HEALTH PLAN,Fallon Community Health Plan,Fallon Community Health Plan,Not enough data to calculate stars for this category,Not enough data to calculate stars for this category,Not enough data to calculate stars for this category,4,,,,,,,,,,,
H2416,Local CCP,PRIMEWEST HEALTH SYSTEM,PrimeWest Health,PrimeWest Health System,Not enough data to calculate stars for this category,5,5,4,,,,,,,,,,,
H2417,Local CCP,ITASCA MEDICAL CARE,Itasca Medical Care/IMCare Classic,Itasca County Health & Human Services,Not enough data to calculate stars for this category,Not enough data to calculate stars for this category,Not enough data to calculate stars for this category,4,,,,,,,,,,,
H2419,Local CCP,SOUTH COUNTRY HEALTH ALLIANCE,South Country Health Alliance,South Country Health Alliance,Not enough data to calculate stars for this category,5,5,4,,,,,,,,,,,
H2422,Local CCP,"HEALTHPARTNERS, INC.",HealthPartners,"HealthPartners, Inc.",Not enough data to calculate stars for this category,5,4,3,,,,,,,,,,,
H2425,Local CCP,BLUE PLUS,Blue Plus,Blue Cross and Blue Shield of Minnesota,2,5,4,4,,,,,,,,,,,
H2450,1876 Cost,MEDICA INSURANCE COMPANY,Medica Insurance Company,Medica Holding Company,Not enough data to calculate stars for this category,5,4,4,,,,,,,,,,,
H2456,Local CCP,UCARE MINNESOTA,UCare,UCare Minnesota,Not enough data to calculate stars for this category,5,4,3,,,,,,,,,,,
H2457,Local CCP,METROPOLITAN HEALTH PLAN,Metropolitan Health Plan MSHO,Metropolitan Health Plan,Not enough data to calculate stars for this category,Not enough data to calculate stars for this category,Not enough data to calculate stars for this category,4,,,,,,,,,,,
H2458,Local CCP,MEDICA HEALTH PLANS,Medica Health Plans,Medica Holding Company,Not enough data to calculate stars for this category,5,4,4,,,,,,,,,,,
H2459,Local CCP,UCARE MINNESOTA,UCare,UCare Minnesota,4,4,5,4,,,,,,,,,,,
H2462,1876 Cost,"GROUP HEALTH PLAN, INC.",HealthPartners,"HealthPartners, Inc.",Not enough data to calculate stars for this category,5,4,4,,,,,,,,,,,
H2486,Local CCP,"HUMANA MEDICAL PLAN OF UTAH, INC.","Humana Medical Plan of Utah, Inc.",Humana Inc.,4,3,4,4,,,,,,,,,,,
H2491,Local CCP,"WELLCARE HEALTH INSURANCE OF ARIZONA, INC.",'Ohana Health Plan,"WellCare Health Plans, Inc.",4,5,Not enough data to calculate stars for this category,3,,,,,,,,,,,
H2542,Local CCP,HUMANA INSURANCE COMPANY,Humana Insurance Company,Humana Inc.,4,3,4,3,,,,,,,,,,,
H2593,Local CCP,"CAREMORE HEALTH PLAN OF ARIZONA, INC.","CareMore Health Plan of Arizona, Inc.","WellPoint, Inc.",4,3,5,4,,,,,,,,,,,
H2610,Local CCP,"ESSENCE HEALTHCARE, INC.",Essence Healthcare,Essence Group Holdings Corporation,3,4,5,3,,,,,,,,,,,
H2611,Local CCP,COVENTRY HEALTH AND LIFE INSURANCE COMPANY,Coventry Health Care,Coventry Health Care Inc.,3,2,3,3,,,,,,,,,,,
H2643,Local CCP,L. A. CARE HEALTH PLAN,L.A. Care Health Plan Medicare Advantage,L.A. Care Health Plan,5,4,3,3,,,,,,,,,,,
H2649,Local CCP,"HUMANA HEALTH PLAN, INC.","Humana Health Plan, Inc.",Humana Inc.,3,4,4,3,,,,,,,,,,,
H2654,Local CCP,"UNITEDHEALTHCARE OF THE MIDWEST, INC.",UnitedHealthcare,"UnitedHealth Group, Inc.",4,3,5,3,,,,,,,,,,,
H2663,Local CCP,"GROUP HEALTH PLAN, INC.","Group Health Plan, Inc.",Coventry Health Care Inc.,3,3,4,4,,,,,,,,,,,
H2667,Local CCP,"GROUP HEALTH PLAN, INC.",Coventry Health Care,Coventry Health Care Inc.,4,5,5,3,,,,,,,,,,,
H2672,Local CCP,"COVENTRY HEALTH CARE OF KANSAS, INC.",COVENTRY HEALTH CARE,Coventry Health Care Inc.,4,3,5,4,,,,,,,,,,,
H2701,Local CCP,NEW WEST HEALTH SERVICES,New West Health Services,New West Health Services,4,5,5,4,,,,,,,,,,,
H2773,Local CCP,"QUALITY HEALTH PLANS OF NEW YORK, INC.",QUALITY HEALTH PLANS,"QHP Financial Group, Inc.",Not enough data to calculate stars for this category,Not enough data to calculate stars for this category,Not enough data to calculate stars for this category,Not enough data to calculate stars for this category,,,,,,,,,,,
H2775,Local CCP,AMERICAN PROGRESSIVE LIFE & HEALTH INSURANCE OF NY,Universal American Corp.,Universal American Corp.,Not enough data to calculate stars for this category,1,3,4,,,,,,,,,,,
H2802,Local CCP,"UNITEDHEALTHCARE OF THE MIDLANDS, INC.",UnitedHealthcare,"UnitedHealth Group, Inc.",4,4,5,3,,,,,,,,,,,
H2803,Local CCP,UNITEDHEALTHCARE INSURANCE COMPANY,UnitedHealthcare,"UnitedHealth Group, Inc.",4,3,4,3,,,,,,,,,,,
H2810,Local CCP,GROUP HEALTH OPTIONS,"Group Health Options, Inc.",Group Health Cooperative,4,3,3,3,,,,,,,,,,,
H2816,PFFS,AMERICAN PROGRESSIVE LIFE & HEALTH INSUR CO OF NY,Universal American Corp.,Universal American Corp.,Not enough data to calculate stars for this category,2,Not enough data to calculate stars for this category,Not enough data to calculate stars for this category,,,,,,,,,,,
H2836,Local CCP,"ANTHEM HEALTH PLANS, INC.",Anthem Blue Cross and Blue Shield,"WellPoint, Inc.",Plan too new to be measured,Plan too new to be measured,Plan too new to be measured,Plan too new to be measured,,,,,,,,,,,
H2899,Local CCP,"ARCADIAN HEALTH PLAN OF NORTH CAROLINA, INC.",Southeast Community Care,Arcadian Management Services Inc.,Not enough data to calculate stars for this category,1,3,3,,,,,,,,,,,
H2905,Local CCP,"SIERRA HEALTH AND LIFE INSURANCE COMPANY, INC.","Sierra Health and Life Insurance Company, Inc.","UnitedHealth Group, Inc.",4,3,3,2,,,,,,,,,,,
H2906,Local CCP,HOMETOWN HEALTH PLAN,Senior Care Plus,Renown Health,4,Not enough data to calculate stars for this category,Not enough data to calculate stars for this category,4,,,,,,,,,,,
H2926,Local CCP,PRIMEWEST HEALTH SYSTEM,PrimeWest Health,PrimeWest Health System,Not enough data to calculate stars for this category,Not enough data to calculate stars for this category,Not enough data to calculate stars for this category,4,,,,,,,,,,,
H2931,Local CCP,"HEALTH PLAN OF NEVADA, INC.","Health Plan of Nevada, Inc.","UnitedHealth Group, Inc.",4,3,4,3,,,,,,,,,,,
H2944,PFFS,HUMANA INSURANCE COMPANY,Humana Insurance Company,Humana Inc.,3,2,3,3,,,,,,,,,,,
H2949,Local CCP,"HUMANA HEALTH PLAN, INC.","Humana Health Plan, Inc.",Humana Inc.,3,4,3,3,,,,,,,,,,,
H2960,Local CCP,HOMETOWN HEALTH PLAN,Senior Care Plus,Renown Health,3,4,5,4,,,,,,,,,,,
H2997,Local CCP,"ROCKY MOUNTAIN HOSPITAL AND MEDICAL SERVICES, INC.",Anthem Blue Cross and Blue Shield,"WellPoint, Inc.",2,3,Not enough data to calculate stars for this category,3,,,,,,,,,,,
H3028,Local CCP,"HUMANA HEALTH PLAN, INC.","Humana Health Plan, Inc.",Humana Inc.,4,3,2,3,,,,,,,,,,,
H3044,Local CCP,"NHP OF INDIANA, LLC",Welborn Health Plans,"Neighborhood Health Providers, Inc.",3,5,4,3,,,,,,,,,,,
H3107,Local CCP,"OXFORD HEALTH PLANS (NJ), INC.",UnitedHealthcare,"UnitedHealth Group, Inc.",3,2,3,3,,,,,,,,,,,
H3113,Local CCP,"OXFORD HEALTH PLANS (NJ), INC.",UnitedHealthcare,"UnitedHealth Group, Inc.",Not enough data to calculate stars for this category,Not enough data to calculate stars for this category,Not enough data to calculate stars for this category,3,,,,,,,,,,,
H3132,Local CCP,"AHF MCO OF FLORIDA, INC.",Positive Healthcare Partners,AIDS Healthcare Foundation,Not enough data to calculate stars for this category,Not enough data to calculate stars for this category,Not enough data to calculate stars for this category,4,,,,,,,,,,,
H3144,Local CCP,"PERSONALCARE INSURANCE OF ILLINOIS, INC.",PersonalCare,Coventry Health Care Inc.,Plan too new to be measured,Plan too new to be measured,Plan too new to be measured,Plan too new to be measured,,,,,,,,,,,
H3152,Local CCP,"AETNA HEALTH, INC.",Aetna Medicare,Aetna Inc.,Not enough data to calculate stars for this category,3,3,4,,,,,,,,,,,
H3154,Local CCP,"HORIZON HEALTHCARE OF NEW JERSEY, INC.","Horizon Blue Cross Blue Shield of New Jersey, Inc.","Horizon Blue Cross Blue Shield of New Jersey, Inc.",3,4,2,4,,,,,,,,,,,
H3156,Local CCP,AMERIHEALTH HMO_INC,AmeriHealth 65,Independence Blue Cross,4,3,2,4,,,,,,,,,,,
H3164,Local CCP,"AMERICHOICE OF NEW JERSEY, INC",UnitedHealthcare Community Plan,"UnitedHealth Group, Inc.",3,3,2,3,,,,,,,,,,,
H3204,Local CCP,PRESBYTERIAN HEALTH PLAN,Presbyterian Senior Care (HMO),Presbyterian Healthcare Services,4,5,4,4,,,,,,,,,,,
H3206,Local CCP,"PRESBYTERIAN INSURANCE COMPANY, INC.",Presbyterian MediCare PPO,Presbyterian Healthcare Services,4,4,3,3,,,,,,,,,,,
H3209,Local CCP,UNITEDHEALTHCARE INSURANCE COMPANY,UnitedHealthcare,"UnitedHealth Group, Inc.",4,4,3,3,,,,,,,,,,,
H3240,Local CCP,"AMERIGROUP NEW JERSEY, INC.",Amerigroup Community Care,AMERIGROUP Corporation,4,2,2,2,,,,,,,,,,,
H3251,Local CCP,"LOVELACE HEALTH SYSTEM, INC.",Lovelace Medicare Plan,Ardent Health Services.,4,5,4,3,,,,,,,,,,,
H3283,Local CCP,MEDICA HEALTH PLANS,Medica Health Plans,Medica Holding Company,Plan too new to be measured,Plan too new to be measured,Plan too new to be measured,Plan too new to be measured,,,,,,,,,,,
H3305,Local CCP,"MVP HEALTH PLAN, INC.",MVP HEALTH CARE,"MVP Health Care, Inc.",5,5,4,4,,,,,,,,,,,
H3307,Local CCP,"OXFORD HEALTH PLANS (NY), INC.",UnitedHealthcare,"UnitedHealth Group, Inc.",4,3,2,3,,,,,,,,,,,
H3312,Local CCP,AETNA HEALTH INC.,Aetna Medicare,Aetna Inc.,Not enough data to calculate stars for this category,3,2,4,,,,,,,,,,,
H3327,Local CCP,"TOUCHSTONE HEALTH HMO, INC.",Touchstone Health,"Touchstone Health Partnership, Inc",4,1,2,3,,,,,,,,,,,
H3328,Local CCP,NEW YORK STATE CATHOLIC HLTH PLAN INC,Fidelis Care,"The New York State Catholic Health Plan, Inc.",4,2,1,3,,,,,,,,,,,
H3330,Local CCP,HEALTH INSURANCE PLAN OF GREATER NEW YORK,EmblemHealth Medicare HMO,"EmblemHealth, Inc.",4,3,3,3,,,,,,,,,,,
H3333,PFFS,AMERICAN PROGRESSIVE LIFE/HLTH INS.,Universal American Corp.,Universal American Corp.,Not enough data to calculate stars for this category,1,2,4,,,,,,,,,,,
H3335,Local CCP,"EXCELLUS HEALTH PLAN, INC.","Excellus Health Plan, Inc","Lifetime Healthcare, Inc.",4,4,4,4,,,,,,,,,,,
H3337,Local CCP,"LIBERTY HEALTH ADVANTAGE, INC.",Liberty Health Advantage,"Liberty Health Advantage, Inc.",4,2,2,2,,,,,,,,,,,
H3342,Local CCP,"EMPIRE HEALTHCHOICE ASSURANCE, INC.",Empire BlueCross BlueShield,"WellPoint, Inc.",2,3,3,3,,,,,,,,,,,
H3344,Local CCP,INDEPENDENT HEALTH BENEFITS CORPORATION,Independent Health,"Independent Health Association, Inc.",5,3,5,3,,,,,,,,,,,
H3346,Local CCP,"MVP HEALTH PLAN, INC.",MVP HEALTH CARE,"MVP Health Care, Inc.",4,4,5,4,,,,,,,,,,,
H3347,Local CCP,"ELDERPLAN, INC.",Elderplan,"Elderplan, Inc.",4,4,3,3,,,,,,,,,,,
H3351,Local CCP,"EXCELLUS HEALTH PLAN, INC.","Excellus Health Plan, Inc","Lifetime Healthcare, Inc.",5,5,5,4,,,,,,,,,,,
H3356,1876 Cost,"EXCELLUS HEALTH PLAN, INC.",Excellus BlueCross BlueShield,"Lifetime Healthcare, Inc.",Not enough data to calculate stars for this category,5,5,4,,,,,,,,,,,
H3359,Local CCP,"MANAGED HEALTH, INC.",Healthfirst Medicare Plan,"Healthfirst, Inc.",3,4,2,3,,,,,,,,,,,
H3361,Local CCP,"WELLCARE_OF NEW YORK, INC.",WellCare,"WellCare Health Plans, Inc.",5,3,Not enough data to calculate stars for this category,3,,,,,,,,,,,
H3362,Local CCP,"INDEPENDENT HEALTH ASSOCIATION, INC.",Independent Health,"Independent Health Association, Inc.",5,4,5,4,,,,,,,,,,,
H3370,Local CCP,"EMPIRE HEALTHCHOICE HMO, INC.",Empire BlueCross BlueShield,"WellPoint, Inc.",2,3,4,3,,,,,,,,,,,
H3379,Local CCP,"UNITEDHEALTHCARE OF NEW YORK, INC.",UnitedHealthcare,"UnitedHealth Group, Inc.",4,3,2,4,,,,,,,,,,,
H3384,Local CCP,HEALTHNOW NEW YORK INC,BlueCross BlueShield of WNY and BlueShield of NENY,HealthNow New York Inc.,4,5,4,4,,,,,,,,,,,
H3387,Local CCP,"UNITEDHEALTHCARE OF NEW YORK, INC.",UnitedHealthcare Community Plan,"UnitedHealth Group, Inc.",4,2,Not enough data to calculate stars for this category,3,,,,,,,,,,,
H3388,Local CCP,"CAPITAL DISTRICT PHYSICIANS' HEALTH PLAN, INC.",CDPHP Medicare Choices,"Capital District Physicians' Health Plan, Inc.",4,5,5,4,,,,,,,,,,,
H3404,Local CCP,BLUE CROSS AND BLUE SHIELD OF NORTH CAROLINA,Blue Cross and Blue Shield of North Carolina,Blue Cross and Blue Shield of North Carolina,5,3,4,3,,,,,,,,,,,
H3405,Local CCP,HUMANA INSURANCE COMPANY,Humana Insurance Company,Humana Inc.,4,3,4,3,,,,,,,,,,,
H3410,PFFS,STERLING LIFE INSURANCE COMPANY,WindsorSterling,Munich American Holding Corporation,3,Not enough data to calculate stars for this category,Not enough data to calculate stars for this category,Not enough data to calculate stars for this category,,,,,,,,,,,
H3421,PFFS,"AMERICA'S 1ST CHOICE HEALTH PLANS, INC.",America's 1st Choice Health Plans,"America's 1st Choice Health Plans, Inc.",4,Not enough data to calculate stars for this category,Not enough data to calculate stars for this category,Not enough data to calculate stars for this category,,,,,,,,,,,
H3449,Local CCP,BLUE CROSS AND BLUE SHIELD OF NORTH CAROLINA,Blue Cross and Blue Shield of North Carolina,Blue Cross and Blue Shield of North Carolina,4,5,5,3,,,,,,,,,,,
H3456,Local CCP,"UNITEDHEALTHCARE OF NORTH CAROLINA, INC.",UnitedHealthcare,"UnitedHealth Group, Inc.",3,3,4,3,,,,,,,,,,,
H3528,Local CCP,"CONNECTICARE, INC.","ConnectiCare, Inc.","EmblemHealth, Inc.",3,3,3,4,,,,,,,,,,,
H3533,Local CCP,"ARCADIAN HEALTH PLAN OF NEW YORK, INC.",Northeast Community Care,Arcadian Management Services Inc.,Not enough data to calculate stars for this category,3,2,3,,,,,,,,,,,
H3597,Local CCP,AETNA HEALTH,Aetna Medicare,Aetna Inc.,Not enough data to calculate stars for this category,3,3,4,,,,,,,,,,,
H3619,Local CCP,HUMANA INSURANCE COMPANY,Humana Insurance Company,Humana Inc.,4,2,4,3,,,,,,,,,,,
H3620,Local CCP,MCKINLEY LIFE INSURANCE COMPANY,PrimeTime Health Plan,Aultman Health Foundation,4,5,4,3,,,,,,,,,,,
H3623,Local CCP,"AETNA HEALTH,  INC.",Aetna Medicare,Aetna Inc.,Not enough data to calculate stars for this category,3,2,3,,,,,,,,,,,
H3653,Local CCP,"PARAMOUNT CARE, INC",Paramount Elite,Promedica Health System,3,5,3,3,,,,,,,,,,,
H3655,Local CCP,COMMUNITY INSURANCE COMPANY,Anthem Blue Cross and Blue Shield,"WellPoint, Inc.",2,4,4,3,,,,,,,,,,,
H3659,Local CCP,"UNITEDHEALTHCARE OF OHIO, INC.",UnitedHealthcare,"UnitedHealth Group, Inc.",4,3,4,2,,,,,,,,,,,
H3660,Local CCP,SUMMACARE INC.,SummaCare Secure,Summa Health System,4,5,5,4,,,,,,,,,,,
H3664,Local CCP,MCKINLEY LIFE INSURANCE COMPANY,PrimeTime Health Plan,Aultman Health Foundation,4,5,4,3,,,,,,,,,,,
H3668,Local CCP,"MT. CARMEL HEALTH PLAN, INC.",MediGold,Trinity Health,5,5,5,3,,,,,,,,,,,
H3672,Local CCP,HOMETOWN HEALTH PLAN,The Health Plan,Health Plan of the Upper Ohio Valley,5,5,4,3,,,,,,,,,,,
H3706,Local CCP,"TODAYS OPTIONS OF OKLAHOMA, INC.",Universal American Corp.,Universal American Corp.,Not enough data to calculate stars for this category,2,4,3,,,,,,,,,,,
H3708,Local CCP,"SELECTCARE OF OKLAHOMA, INC.",Universal American Corp.,Universal American Corp.,Not enough data to calculate stars for this category,Not enough data to calculate stars for this category,Not enough data to calculate stars for this category,3,,,,,,,,,,,
H3749,Local CCP,"UNITEDHEALTHCARE OF OKLAHOMA, INC.",UnitedHealthcare,"UnitedHealth Group, Inc.",4,3,4,3,,,,,,,,,,,
H3755,Local CCP,"COMMUNITY CARE HMO, INC",CommunityCare Senior Health Plan (HMO),"CommunityCare Managed Healthcare Plans of OK, Inc.",4,4,5,3,,,,,,,,,,,
H3805,Local CCP,"UNITEDHEALTHCARE OF OREGON, INC.",UnitedHealthcare,"UnitedHealth Group, Inc.",3,3,5,4,,,,,,,,,,,
H3810,Local CCP,MID ROGUE INDEPENDENT PHYSICIAN ASSOCIATION,CareSource,Mid Rogue Community Health Plan,4,4,5,4,,,,,,,,,,,
H3811,Local CCP,"SAMARITAN HEALTH PLANS, INC.",Samaritan Advantage Health Plan,Samaritan Health Services,3,5,4,4,,,,,,,,,,,
H3812,Local CCP,UNITEDHEALTHCARE INSURANCE COMPANY,UnitedHealthcare,"UnitedHealth Group, Inc.",3,3,3,4,,,,,,,,,,,
H3813,Local CCP,"ODS HEALTH PLAN, INC.","ODS Health Plan, Inc.","Health Services Group, Inc.",3,5,4,4,,,,,,,,,,,
H3814,Local CCP,ATRIO HEALTH PLANS,ATRIO Health Plans,ATRIO Health Plans,3,5,5,3,,,,,,,,,,,
H3815,Local CCP,CITIZENS CHOICE HEALTHPLAN,Citizens Choice Healthplan,Honored Citizens Choice Health Plan,3,3,3,3,,,,,,,,,,,
H3817,Local CCP,REGENCE BLUECROSS BLUESHIELD OF OR,Regence BlueCross BlueShield of Oregon,The Regence Group,3,4,4,4,,,,,,,,,,,
H3818,Local CCP,"FAMILYCARE HEALTH PLANS, INC.","FamilyCare Health Plans, Inc.",FamilyCare Incorporated,3,3,2,4,,,,,,,,,,,
H3832,Local CCP,HAWAII MEDICAL SERVICE ASSOCIATION,Akamai Advantage by HMSA,Hawaii Medical Service Association,2,Not enough data to calculate stars for this category,Not enough data to calculate stars for this category,Not enough data to calculate stars for this category,,,,,,,,,,,
H3864,Local CCP,"PACIFICSOURCE COMMUNITY HEALTH PLANS, INC.",PacificSource Medicare,PacificSource Health Plans,3,5,4,4,,,,,,,,,,,
H3887,Local CCP,UNITEDHEALTHCARE INSURANCE COMPANY,UnitedHealthcare,"UnitedHealth Group, Inc.",4,2,4,3,,,,,,,,,,,
H3907,Local CCP,UNIVERSITY OF PITTSBURGH MEDICAL CENTER,UPMC Health Plan,University of Pittsburgh Medical Center,5,5,4,4,,,,,,,,,,,
H3909,Local CCP,QCC INSURANCE COMPANY,Personal Choice 65,Independence Blue Cross,3,4,2,4,,,,,,,,,,,
H3912,Local CCP,UNITEDHEALTHCARE INSURANCE COMPANY,UnitedHealthcare,"UnitedHealth Group, Inc.",4,4,4,3,,,,,,,,,,,
H3916,Local CCP,"HIGHMARK, INC.",Highmark Inc.,Highmark Inc.,4,4,3,4,,,,,,,,,,,
H3920,Local CCP,"UNITEDHEALTHCARE OF PENNSYLVANIA, INC.",UnitedHealthcare,"UnitedHealth Group, Inc.",3,3,2,3,,,,,,,,,,,
H3921,Local CCP,UNITEDHEALTHCARE INSURANCE COMPANY,UnitedHealthcare,"UnitedHealth Group, Inc.",4,2,3,3,,,,,,,,,,,
H3923,Local CCP,CAPITAL ADVANTAGE INSURANCE COMPANY,Capital Advantage Insurance Company,Capital BlueCross,5,4,4,4,,,,,,,,,,,
H3924,Local CCP,GEISINGER INDEMNITY INSURANCE COMPANY,Geisinger Gold,Geisinger Health System,4,3,4,4,,,,,,,,,,,
H3931,Local CCP,AETNA HEALTH INC,Aetna Medicare,Aetna Inc.,Not enough data to calculate stars for this category,3,3,4,,,,,,,,,,,
H3949,Local CCP,BRAVO HEALTH PENNSYLVANIA INC.,Bravo Health,"HealthSpring, Inc.",3,3,3,3,,,,,,,,,,,
H3952,Local CCP,"KEYSTONE HEALTH PLAN EAST, INC.",Keystone 65,Independence Blue Cross,3,4,3,4,,,,,,,,,,,
H3954,Local CCP,GEISINGER HEALTH PLAN,Geisinger Gold,Geisinger Health System,4,4,5,4,,,,,,,,,,,
H3957,Local CCP,"KEYSTONE HEALTH PLAN WEST, INC.","Keystone Health Plan West, Inc.",Highmark Inc.,4,4,4,3,,,,,,,,,,,
H3959,Local CCP,"HEALTHAMERICA PENNSYLVANIA, INC.",HealthAmerica,Coventry Health Care Inc.,4,3,4,3,,,,,,,,,,,
H3962,Local CCP,"KEYSTONE HEALTH PLAN CENTRAL,INC.","Keystone Health Plan Central, Inc.",Capital BlueCross,4,4,4,4,,,,,,,,,,,
H3964,Local CCP,"BRAVO HEALTH PENNSYLVANIA, INC.",Bravo Health,"HealthSpring, Inc.",3,4,2,3,,,,,,,,,,,
H4003,Local CCP,"MMM HEALTHCARE, INC.",Medicare y Mucho Más,"Aveta, LLC.",2,3,3,2,,,,,,,,,,,
H4004,Local CCP,"PREFERRED MEDICARE CHOICE, INC.","Preferred Medicare Choice, Inc.","Aveta, LLC.",2,3,3,2,,,,,,,,,,,
H4005,Local CCP,"TRIPLE-S SALUD,  INC.","Triple-S Salud, Inc.",Triple-S Management Corporation,3,3,2,2,,,,,,,,,,,
H4006,Local CCP,MCS ADVANTAGE INC.,MCS Classicare,"Medical Card System, Inc.",3,3,2,2,,,,,,,,,,,
H4007,Local CCP,"HUMANA HEALTH PLANS OF PUERTO RICO, INC.","HUMANA HEALTH PLANS OF PUERTO RICO, INC.",Humana Inc.,4,2,4,2,,,,,,,,,,,
H4011,Local CCP,"FIRST MEDICAL HEALTH PLAN, INC.","First Medical Health Plan, Inc.","First Medical Health Plan, Inc.",3,4,4,2,,,,,,,,,,,
H4012,Local CCP,"TRIPLE-S SALUD, INC.","Triple-S Salud, Inc.",Triple-S Management Corporation,3,2,3,2,,,,,,,,,,,
H4036,Local CCP,"ANTHEM INSURANCE COMPANIES, INC.",Anthem Blue Cross and Blue Shield,"WellPoint, Inc.",2,3,3,4,,,,,,,,,,,
H4102,Local CCP,"UNITEDHEALTHCARE OF NEW ENGLAND, INC.",UnitedHealthcare,"UnitedHealth Group, Inc.",4,4,4,4,,,,,,,,,,,
H4123,Local CCP,MERCYCARE HMO INC,MercyCare Health Plans,Mercy Health Alliance,Plan too new to be measured,Plan too new to be measured,Plan too new to be measured,Plan too new to be measured,,,,,,,,,,,
H4125,Local CCP,ARCADIAN HEALTH PLAN,Arcadian Health Plan,Arcadian Management Services Inc.,Not enough data to calculate stars for this category,3,3,3,,,,,,,,,,,
H4141,Local CCP,"HUMANA EMPLOYERS HEALTH PLAN OF GEORGIA, INC.","Humana Employers Health Plan of Georgia, Inc.",Humana Inc.,4,3,3,3,,,,,,,,,,,
H4152,Local CCP,BLUE CROSS & BLUE SHIELD OF RHODE ISLAND,Blue Cross & Blue Shield of Rhode Island,Blue Cross & Blue Shield of Rhode Island,3,4,3,3,,,,,,,,,,,
H4155,Local CCP,PUBLIC HEALTH TRUST OF MIAMI-DADE COUNTY,JMH Health Plan,Public Health Trust of Miami-Dade County,3,2,3,3,,,,,,,,,,,
H4199,Local CCP,"FLORIDA HEALTHCARE PLUS, INC.",FLORIDA HEALTHCARE PLUS,"Florida Healthcare Plus, Inc.",Plan too new to be measured,Plan too new to be measured,Plan too new to be measured,Plan too new to be measured,,,,,,,,,,,
H4209,Local CCP,BLUE CROSS AND BLUE SHIELD OF SOUTH CAROLINA,Blue Cross Blue Shield of South Carolina,BlueCross BlueShield of South Carolina (BCBSSC),2,3,3,2,,,,,,,,,,,
H4211,Local CCP,"AMERIGROUP GEORGIA MANAGED CARE COMPANY, INC.",Amerigroup Community Care,AMERIGROUP Corporation,Plan too new to be measured,Plan too new to be measured,Plan too new to be measured,Plan too new to be measured,,,,,,,,,,,
H4213,PFFS,USABLE MUTUAL INSURANCE COMPANY,ARKANSAS BLUE CROSS AND BLUE SHIELD,USAble Mutual Insurance Company,5,4,3,3,,,,,,,,,,,
H4268,PFFS,"AMERICA'S 1ST CHOICE INSURANCE COMPANY OF NC, INC.",America's 1st Choice Insurance Company of NC,"America¿s 1st Choice Insurance Company of NC, Inc.",4,Not enough data to calculate stars for this category,Not enough data to calculate stars for this category,Not enough data to calculate stars for this category,,,,,,,,,,,
H4270,Local CCP,"UCARE WISCONSIN, INC.",UCare,UCare Minnesota,4,4,4,4,,,,,,,,,,,
H4279,Local CCP,"UPMC FOR YOU, INC",UPMC for You Advantage,University of Pittsburgh Medical Center,Plan too new to be measured,Plan too new to be measured,Plan too new to be measured,Plan too new to be measured,,,,,,,,,,,
H4346,Local CCP,CAREMORE HEALTH PLAN OF NEVADA,CareMore Health Plan of Nevada,"WellPoint, Inc.",4,3,4,3,,,,,,,,,,,
H4406,Local CCP,"UNITEDHEALTHCARE PLAN OF THE RIVER VALLEY, INC.",UnitedHealthcare,"UnitedHealth Group, Inc.",4,2,3,2,,,,,,,,,,,
H4407,Local CCP,"HEALTHSPRING OF TENNESSEE, INC.",HealthSpring,"HealthSpring, Inc.",4,3,5,1,,,,,,,,,,,
H4408,Local CCP,HUMANA INSURANCE COMPANY,Humana Insurance Company,Humana Inc.,4,2,4,3,,,,,,,,,,,
H4454,Local CCP,"HEALTHSPRING OF TENNESSEE, INC.",HealthSpring,"HealthSpring, Inc.",4,4,4,3,,,,,,,,,,,
H4456,Local CCP,"UNITEDHEALTHCARE PLAN OF THE RIVER VALLEY, INC.",UnitedHealthcare,"UnitedHealth Group, Inc.",4,3,4,3,,,,,,,,,,,
H4461,Local CCP,"CARITEN HEALTH PLAN, INC.","Cariten Health Plan, Inc.",Humana Inc.,3,4,4,3,,,,,,,,,,,
H4506,Local CCP,"SELECTCARE OF TEXAS, L.L.C.",Universal American Corp.,Universal American Corp.,Not enough data to calculate stars for this category,3,4,3,,,,,,,,,,,
H4510,Local CCP,"HUMANA HEALTH PLAN OF TEXAS, INC.","HUMANA HEALTH PLAN OF TEXAS, INC.",Humana Inc.,4,4,4,2,,,,,,,,,,,
H4513,Local CCP,"HEALTHSPRING LIFE & HEALTH INSURANCE COMPANY, INC.",HealthSpring,"HealthSpring, Inc.",3,3,5,2,,,,,,,,,,,
H4514,Local CCP,"EVERCARE OF TEXAS, LLC",UnitedHealthcare,"UnitedHealth Group, Inc.",4,2,4,2,,,,,,,,,,,
H4520,Local CCP,HUMANA INSURANCE COMPANY,Humana Insurance Company,Humana Inc.,3,2,3,2,,,,,,,,,,,
H4522,Local CCP,UNITEDHEALTHCARE INSURANCE COMPANY,UnitedHealthcare,"UnitedHealth Group, Inc.",4,3,4,3,,,,,,,,,,,
H4523,Local CCP,AETNA HEALTH INC.,Aetna Medicare,Aetna Inc.,Not enough data to calculate stars for this category,2,3,3,,,,,,,,,,,
H4524,Local CCP,AETNA LIFE INSURANCE COMPANY,Aetna Medicare,Aetna Inc.,Not enough data to calculate stars for this category,2,2,3,,,,,,,,,,,
H4525,Local CCP,"SHA, L.L.C",FirstCare Advantage,Covenant Health System - Hendrick Health System,4,5,4,2,,,,,,,,,,,
H4527,Local CCP,PHYSICIANS HEALTH CHOICE OF TEXAS LLC,PHYSICIANS HEALTH CHOICE,"UnitedHealth Group, Inc.",4,4,3,3,,,,,,,,,,,
H4528,Local CCP,"BRAVO HEALTH TEXAS, INC.",Bravo Health,"HealthSpring, Inc.",3,2,3,3,,,,,,,,,,,
H4529,Local CCP,"ARCADIAN HEALTH PLAN, INC.",Texas Community Care,Arcadian Management Services Inc.,Not enough data to calculate stars for this category,3,3,3,,,,,,,,,,,
H4564,1876 Cost,SCOTT AND WHITE HEALTH PLAN,Scott and White Health Plan SeniorCare,Scott and White Healthcare,Not enough data to calculate stars for this category,5,5,4,,,,,,,,,,,
H4590,Local CCP,"UNITEDHEALTHCARE BENEFITS OF TEXAS, INC.",UnitedHealthcare,"UnitedHealth Group, Inc.",3,3,4,3,,,,,,,,,,,
H4604,Local CCP,"UNITEDHEALTHCARE OF UTAH, INC.",UnitedHealthcare,"UnitedHealth Group, Inc.",4,3,4,3,,,,,,,,,,,
H4605,Local CCP,REGENCE BLUECROSS BLUESHIELD OF UT,Regence BlueCross BlueShield of Utah,The Regence Group,4,4,4,3,,,,,,,,,,,
H4606,Local CCP,HUMANA INSURANCE COMPANY,Humana Insurance Company,Humana Inc.,4,3,4,4,,,,,,,,,,,
H4738,Local CCP,"AMERICA'S 1ST CHOICE HEALTH PLANS, INC.","America's 1st Choice Health Plans, Inc.","America's 1st Choice Health Plans, Inc.",5,Not enough data to calculate stars for this category,Not enough data to calculate stars for this category,Not enough data to calculate stars for this category,,,,,,,,,,,
H4754,Local CCP,"PACIFICSOURCE COMMUNITY HEALTH PLANS, INC.",PacificSource Medicare,PacificSource Health Plans,3,Not enough data to calculate stars for this category,Not enough data to calculate stars for this category,4,,,,,,,,,,,
H4785,PFFS,"HUMANA HEALTH BENEFIT PLAN OF LOUISIANA, INC.","Humana Health Benefit Plan of Louisiana, Inc.",Humana Inc.,3,Not enough data to calculate stars for this category,Not enough data to calculate stars for this category,Not enough data to calculate stars for this category,,,,,,,,,,,
H4837,Local CCP,UNITEDHEALTHCARE OF WISCONSIN,UnitedHealthcare Community Plan,"UnitedHealth Group, Inc.",Not enough data to calculate stars for this category,3,Not enough data to calculate stars for this category,3,,,,,,,,,,,
H4866,Local CCP,CUATRO LLC,Access Medicare,Cuatro LLC.,3,Not enough data to calculate stars for this category,Not enough data to calculate stars for this category,Not enough data to calculate stars for this category,,,,,,,,,,,
H4875,Local CCP,PRIORITY HEALTH,Priority Health Medicare,Spectrum Health System,3,3,3,3,,,,,,,,,,,
H4909,Local CCP,"ANTHEM HEALTH PLANS OF VIRGINIA, INC.",Anthem Blue Cross and Blue Shield,"WellPoint, Inc.",2,3,4,3,,,,,,,,,,,
H4910,Local CCP,AETNA HEALTH INC.,Aetna Medicare,Aetna Inc.,Not enough data to calculate stars for this category,Not enough data to calculate stars for this category,Not enough data to calculate stars for this category,3,,,,,,,,,,,
H4956,Local CCP,HUMANA INSURANCE COMPANY,Humana Insurance Company,Humana Inc.,4,3,3,2,,,,,,,,,,,
H4971,Local CCP,UNITEDHEALTHCARE INSURANCE COMPANY,UnitedHealthcare,"UnitedHealth Group, Inc.",4,2,4,4,,,,,,,,,,,
H5005,Local CCP,"UNITEDHEALTHCARE OF WASHINGTON, INC.",UnitedHealthcare,"UnitedHealth Group, Inc.",4,3,3,4,,,,,,,,,,,
H5006,PFFS,STERLING LIFE INSURANCE COMPANY,WindsorSterling,Munich American Holding Corporation,3,2,Not enough data to calculate stars for this category,3,,,,,,,,,,,
H5008,Local CCP,UNITEDHEALTHCARE INSURANCE COMPANY,UnitedHealthcare,"UnitedHealth Group, Inc.",4,3,3,3,,,,,,,,,,,
H5009,Local CCP,REGENCE BLUESHIELD,Regence BlueShield,The Regence Group,3,4,4,4,,,,,,,,,,,
H5010,Local CCP,ASURIS NORTHWEST HEALTH,Asuris Northwest Health,The Regence Group,4,2,3,4,,,,,,,,,,,
H5016,Local CCP,PROVIDENCE HEALTH PLANS,Providence Health Plans,Providence Health & Services,4,Not enough data to calculate stars for this category,Not enough data to calculate stars for this category,Not enough data to calculate stars for this category,,,,,,,,,,,
H5041,Local CCP,HUMANA INSURANCE COMPANY,Humana Insurance Company,Humana Inc.,3,4,4,4,,,,,,,,,,,
H5042,Local CCP,"CDPHP UNIVERSAL BENEFITS, INC.",CDPHP Medicare Choices,"Capital District Physicians' Health Plan, Inc.",4,4,3,4,,,,,,,,,,,
H5050,Local CCP,GROUP HEALTH COOPERATIVE,Group Health Cooperative,Group Health Cooperative,4,5,5,5,,,,,,,,,,,
H5087,Local CCP,EASY CHOICE HEALTH PLAN INC.,Easy Choice Health Plan,Easy Choice Health Plan Inc.,4,3,Not enough data to calculate stars for this category,3,,,,,,,,,,,
H5096,Local CCP,"UNIVERSAL HEALTH CARE INSURANCE COMPANY, INC.","Universal Health Care Insurance Company, Inc.","Universal Health Care Group, Inc.",Plan too new to be measured,Plan too new to be measured,Plan too new to be measured,Plan too new to be measured,,,,,,,,,,,
H5106,Local CCP,HIGHMARK HEALTH INSURANCE COMPANY,Highmark Health Insurance Company,Highmark Inc.,5,4,4,3,,,,,,,,,,,
H5151,Local CCP,HEALTH PLAN OF THE UPPER OHIO VALLEY,The Health Plan,Health Plan of the Upper Ohio Valley,5,5,5,3,,,,,,,,,,,
H5162,Local CCP,STERLING LIFE INSURANCE COMPANY,WindsorSterling,Munich American Holding Corporation,4,3,Not enough data to calculate stars for this category,Not enough data to calculate stars for this category,,,,,,,,,,,
H5206,Local CCP,"PARTNERSHIP HEALTH PLAN, INC.",Community Health Partnership,"Community Health Partnership, Inc.",4,4,5,4,,,,,,,,,,,
H5207,Local CCP,"COMMUNITY CARE HEALTH PLAN, INC",Community Care,"Community Care, Inc.",Not enough data to calculate stars for this category,Not enough data to calculate stars for this category,Not enough data to calculate stars for this category,4,,,,,,,,,,,
H5209,Local CCP,"CARE WISCONSIN HEALTH PLAN, INC.","Care Wisconsin Health Plan, Inc.","Care Wisconsin First, Inc.",5,4,4,4,,,,,,,,,,,
H5211,Local CCP,"SECURITY HEALTH PLAN OF WISCONSIN, INC",Advocare,Marshfield Clinic.,4,5,5,4,,,,,,,,,,,
H5214,Local CCP,HUMANA INSURANCE COMPANY,Humana Insurance Company,Humana Inc.,3,3,3,3,,,,,,,,,,,
H5215,Local CCP,NETWORK HEALTH INSURANCE CORPORATION,Network Platinum Medicare Advantage Plans,Affinity Health System,4,5,4,4,,,,,,,,,,,
H5216,Local CCP,HUMANA INSURANCE COMPANY,Humana Insurance Company,Humana Inc.,3,3,4,4,,,,,,,,,,,
H5253,Local CCP,"UNITEDHEALTHCARE OF WISCONSIN, INC",UnitedHealthcare,"UnitedHealth Group, Inc.",4,3,4,4,,,,,,,,,,,
H5262,Local CCP,GUNDERSEN LUTHERAN HEALTH PLAN,"Gundersen Lutheran Health Plan, Inc.",Gundersen Lutheran Health System Inc.,5,5,5,4,,,,,,,,,,,
H5291,Local CCP,"HUMANA HEALTH PLAN, INC.","Humana Health Plan, Inc.",Humana Inc.,3,3,3,3,,,,,,,,,,,
H5294,Local CCP,"SUPERIOR HEALTH PLAN, INC.",Advantage by Superior HealthPlan,Centene Corporation,Not enough data to calculate stars for this category,2,Not enough data to calculate stars for this category,2,,,,,,,,,,,
H5302,Local CCP,"COVENTRY HEALTH CARE OF GEORGIA, INC.",Coventry Health Care,Coventry Health Care Inc.,4,2,2,2,,,,,,,,,,,
H5378,Local CCP,THE PYRAMID LIFE INSURANCE COMPANY,Universal American Corp.,Universal American Corp.,Not enough data to calculate stars for this category,1,2,3,,,,,,,,,,,
H5402,Local CCP,"QUALITY HEALTH PLANS, INC.",Quality Health Plans,"QHP Group, Inc.",Not enough data to calculate stars for this category,2,4,3,,,,,,,,,,,
H5404,Local CCP,"UNIVERSAL HEALTH CARE, INC.","Universal Health Care, Inc.","Universal Health Care Group, Inc.",3,2,3,3,,,,,,,,,,,
H5407,Local CCP,"CITRUS HEALTH CARE, INC.","Citrus Health Care, Inc.","UnitedHealth Group, Inc.",4,2,2,3,,,,,,,,,,,
H5410,Local CCP,"HEALTHSPRING OF FLORIDA, INC.","HealthSpring of Florida, Inc.","HealthSpring, Inc.",5,4,5,3,,,,,,,,,,,
H5414,Local CCP,AETNA HEALTH INC.,Aetna Medicare,Aetna Inc.,Not enough data to calculate stars for this category,1,2,3,,,,,,,,,,,
H5415,Local CCP,"HUMANA HEALTH INSURANCE COMPANY OF FL, INC.","Humana Health Insurance Company of FL, Inc.",Humana Inc.,4,2,Not enough data to calculate stars for this category,3,,,,,,,,,,,
H5416,Local CCP,"ARCADIAN HEALTH PLAN, INC.",Arcadian Health Plan,Arcadian Management Services Inc.,Not enough data to calculate stars for this category,1,3,3,,,,,,,,,,,
H5417,Local CCP,UNITEDHEALTHCARE INSURANCE COMPANY,UnitedHealthcare,"UnitedHealth Group, Inc.",4,3,Not enough data to calculate stars for this category,2,,,,,,,,,,,
H5420,Local CCP,"MEDICA HEALTHCARE PLANS, INC.","Medica HealthCare Plans, Inc.","Medica HealthCare Plans, Inc.",3,4,5,3,,,,,,,,,,,
H5421,PFFS,THE PYRAMID LIFE INSURANCE COMPANY,Universal American Corp.,Universal American Corp.,2,1,3,2,,,,,,,,,,,
H5422,Local CCP,BLUE CROSS BLUE SHIELD OF GEORGIA,Blue Cross Blue Shield Healthcare Plan of Georgia,"WellPoint, Inc.",2,2,3,2,,,,,,,,,,,
H5424,Local CCP,UNITEDHEALTHCARE INSURANCE COMPANY,UnitedHealthcare,"UnitedHealth Group, Inc.",4,3,3,3,,,,,,,,,,,
H5425,Local CCP,SCAN HEALTH PLAN,SCAN Health Plan,SCAN Health Plan,3,3,4,3,,,,,,,,,,,
H5426,Local CCP,"HUMANA ADVANTAGECARE PLAN, INC.","Humana AdvantageCare Plan, Inc.",Humana Inc.,3,3,2,3,,,,,,,,,,,
H5427,Local CCP,"FREEDOM HEALTH PLAN, INC.","Freedom Health, Inc.","America's 1st Choice Holdings of Florida, LLC",5,2,5,3,,,,,,,,,,,
H5428,Local CCP,SAN MATEO HEALTH COMMISSION,Health Plan of San Mateo,Health Plan of San Mateo,4,4,2,4,,,,,,,,,,,
H5429,Local CCP,"UNIVERSAL HEALTH CARE, INC.","Universal Health Care, Inc.","Universal Health Care Group, Inc.",3,2,2,3,,,,,,,,,,,
H5430,Local CCP,CARE1ST HEALTH PLAN OF ARIZONA,"ONECare by Care1st Health Plan Arizona, Inc.",Care1st Health Plan,3,3,2,3,,,,,,,,,,,
H5431,Local CCP,"HEALTHSUN HEALTH PLANS, INC.","HealthSun Health Plans, Inc.","HealthSun Health Plans, Inc",4,2,5,4,,,,,,,,,,,
H5433,Local CCP,ORANGE COUNTY HEALTH AUTHORITY,OneCare,CalOptima,4,4,3,4,,,,,,,,,,,
H5434,Local CCP,"BLUE CROSS AND BLUE SHIELD OF FLORIDA, INC.","Blue Cross and Blue Shield of Florida, Inc.",Blue Cross and Blue Shield of Florida,2,2,3,4,,,,,,,,,,,
H5435,PFFS,UNITEDHEALTHCARE INSURANCE COMPANY,UnitedHealthcare,"UnitedHealth Group, Inc.",3,2,4,3,,,,,,,,,,,
H5439,Local CCP,HEALTH NET LIFE INSURANCE COMPANY,Health Net Life Insurance Company,"Health Net, Inc.",Not enough data to calculate stars for this category,2,4,4,,,,,,,,,,,
H5440,Local CCP,UNITEDHEALTHCARE INSURANCE COMPANY,UnitedHealthcare,"UnitedHealth Group, Inc.",3,2,Not enough data to calculate stars for this category,2,,,,,,,,,,,
H5470,Local CCP,HUMANA INSURANCE COMPANY,Humana Insurance Company,Humana Inc.,3,4,3,4,,,,,,,,,,,
H5471,Local CCP,"SIMPLY HEALTHCARE PLANS, INC.","Simply Healthcare Plans, Inc.","Simply Healthcare Holdings, Inc.",Plan too new to be measured,Plan too new to be measured,Plan too new to be measured,Plan too new to be measured,,,,,,,,,,,
H5475,Local CCP,"HEALTH PLAN OF MICHIGAN, INC.",Health Plan of Michigan Gold Plan,"Caidan Enterprises, Inc.",Not enough data to calculate stars for this category,Not enough data to calculate stars for this category,Not enough data to calculate stars for this category,Not enough data to calculate stars for this category,,,,,,,,,,,
H5507,Local CCP,UNITEDHEALTHCARE INSURANCE COMPANY,UnitedHealthcare,"UnitedHealth Group, Inc.",4,2,5,4,,,,,,,,,,,
H5508,Local CCP,"ADVANTAGE HEALTH SOLUTIONS, INC.","ADVANTAGE Health Solutions, Inc.",Advantage Health Solutions,5,4,4,4,,,,,,,,,,,
H5509,Local CCP,COVENTRY HEALTH AND LIFE INS. COMPANY,COVENTRY HEALTH CARE,Coventry Health Care Inc.,4,2,2,3,,,,,,,,,,,
H5516,Local CCP,UNITEDHEALTHCARE INSURANCE COMPANY,UnitedHealthcare,"UnitedHealth Group, Inc.",4,3,5,3,,,,,,,,,,,
H5520,Local CCP,HEALTH NET LIFE INSURANCE COMPANY,Health Net Life Insurance Company,"Health Net, Inc.",2,3,4,4,,,,,,,,,,,
H5521,Local CCP,AETNA LIFE INSURANCE COMPANY,Aetna Medicare,Aetna Inc.,Not enough data to calculate stars for this category,4,Not enough data to calculate stars for this category,4,,,,,,,,,,,
H5522,Local CCP,"HEALTHASSURANCE PENNSYLVANIA, INC.",HealthAmerica,Coventry Health Care Inc.,4,2,3,4,,,,,,,,,,,
H5525,Local CCP,"HUMANA BENEFIT PLAN OF ILLINOIS, INC.","Humana Benefit Plan of Illinois, Inc.",Humana Inc.,3,3,3,4,,,,,,,,,,,
H5526,Local CCP,HEALTHNOW NEW YORK INC.,BlueCross BlueShield of WNY or BlueShield of NENY,HealthNow New York Inc.,4,4,4,4,,,,,,,,,,,
H5528,Local CCP,GROUP HEALTH INCORPORATED,EmblemHealth Medicare PPO,"EmblemHealth, Inc.",3,1,2,3,,,,,,,,,,,
H5529,Local CCP,COMMUNITY INSURANCE COMPANY,Anthem Blue Cross and Blue Shield,"WellPoint, Inc.",2,3,2,3,,,,,,,,,,,
H5530,Local CCP,"ANTHEM HEALTH PLANS OF KENTUCKY, INC.",Anthem Blue Cross and Blue Shield,"WellPoint, Inc.",2,3,3,2,,,,,,,,,,,
H5532,Local CCP,UNITEDHEALTHCARE INSURANCE COMPANY,UnitedHealthcare,"UnitedHealth Group, Inc.",4,2,3,3,,,,,,,,,,,
H5533,Local CCP,UPMC HEALTH NETWORK,UPMC Health Plan,University of Pittsburgh Medical Center,5,4,4,4,,,,,,,,,,,
H5549,Local CCP,VNS CHOICE,VNSNY CHOICE Medicare,Visiting Nurse Service of New York,4,3,3,3,,,,,,,,,,,
H5575,Local CCP,FIDELIS SECURECARE OF NORTH CAROLINA,Fidelis SecureCare of North Carolina,Fidelis SecureCare,Not enough data to calculate stars for this category,Not enough data to calculate stars for this category,Not enough data to calculate stars for this category,3,,,,,,,,,,,
H5576,Local CCP,"VANTAGE  HEALTH PLAN, INC.","Vantage Health Plan, Inc.","Vantage Health Plan, Inc.",3,4,5,2,,,,,,,,,,,
H5577,Local CCP,MCS ADVANTAGE INC.,MCS Classicare,"Medical Card System, Inc.",3,3,4,2,,,,,,,,,,,
H5578,Local CCP,"ARCADIAN HEALTH PLAN OF GEORGIA, INC.",Southeast Community Care,Arcadian Management Services Inc.,Not enough data to calculate stars for this category,2,2,2,,,,,,,,,,,
H5580,Local CCP,SOUTHWEST CATHOLIC HEALTH NETWORK CORPORATION,Mercy Care Advantage,Southwest Catholic Health Network,3,5,4,2,,,,,,,,,,,
H5587,Local CCP,"HEALTH CHOICE ARIZONA, INC.",Health Choice Generations HMO SNP,IASIS Healthcare,5,4,3,2,,,,,,,,,,,
H5590,Local CCP,BRIDGEWAY HEALTH SOLUTIONS,Advantage by Bridgeway Health Solutions HMO SNP,Centene Corporation,4,4,3,3,,,,,,,,,,,
H5591,Local CCP,"MARTIN'S POINT GENERATIONS, LLC",Martin's Point Generations Advantage,"Martin's Point Health Care, Inc.",4,5,4,4,,,,,,,,,,,
H5594,Local CCP,"OPTIMUM HEALTHCARE, INC.","Optimum HealthCare, Inc.","America's 1st Choice Holdings of Florida, LLC",5,3,5,3,,,,,,,,,,,
H5608,Local CCP,"DENVER HEALTH MEDICAL PLAN, INC.",Denver Health Medical Plan,Denver Health Hospital Authority,3,4,2,3,,,,,,,,,,,
H5609,Local CCP,GEMCARE HEALTH PLAN INC.,GEMCARE Health Plan,Golden Empire Managed Care,4,5,5,2,,,,,,,,,,,
H5619,Local CCP,"ARCADIAN HEALTH PLAN, INC.",Northeast Community Care,Arcadian Management Services Inc.,Not enough data to calculate stars for this category,3,4,4,,,,,,,,,,,
H5628,Local CCP,"MOLINA HEALTHCARE OF UTAH, INC.",Molina Healthcare of Utah,"Molina Healthcare, Inc.,",3,3,3,3,,,,,,,,,,,
H5640,Local CCP,IEHP HEALTH ACCESS,IEHP Medicare DualChoice,INLAND EMPIRE HEALTH PLAN,4,4,4,2,,,,,,,,,,,
H5649,Local CCP,"CENTRAL HEALTH PLAN OF CALIFORNIA, INC.",Central Health Medicare Plan,Central Health Plan of California,5,4,2,3,,,,,,,,,,,
H5652,Local CCP,UNITEDHEALTHCARE INSURANCE COMPANY,Erickson Advantage,"UnitedHealth Group, Inc.",3,4,4,4,,,,,,,,,,,
H5656,Local CCP,"SELECTCARE HEALTH PLANS, INC.",Universal American Corp.,Universal American Corp.,Not enough data to calculate stars for this category,1,4,2,,,,,,,,,,,
H5665,Local CCP,"CARE IMPROVEMENT PLUS  OF MARYLAND, INC.",Care Improvement Plus,XLHealth Corporation,Not enough data to calculate stars for this category,Not enough data to calculate stars for this category,Not enough data to calculate stars for this category,2,,,,,,,,,,,
H5679,Local CCP,"HMO COLORADO, INC.",Anthem Blue Cross and Blue Shield,"WellPoint, Inc.",2,2,Not enough data to calculate stars for this category,3,,,,,,,,,,,
H5685,Local CCP,"MIDWEST HEALTH PLAN, INC.",Midwest Advantage,"Midwest Health Plan, Inc.",Not enough data to calculate stars for this category,Not enough data to calculate stars for this category,Not enough data to calculate stars for this category,2,,,,,,,,,,,
H5696,Local CCP,"PHYSICIANS UNITED PLAN, INC.",PUP,"IDJB Investments, LLC",4,2,4,3,,,,,,,,,,,
H5698,Local CCP,"WINDSOR HEALTH PLAN, INC.",Windsor Medicare Extra,Munich American Holding Corporation,4,2,3,2,,,,,,,,,,,
H5700,Local CCP,"ARKANSAS COMMUNITY CARE, INC.",Arcadian Health Plan,Arcadian Management Services Inc.,Not enough data to calculate stars for this category,2,4,2,,,,,,,,,,,
H5703,Local CCP,SOUTH COUNTRY HEALTH ALLIANCE,South Country Health Alliance,South Country Health Alliance,Not enough data to calculate stars for this category,Not enough data to calculate stars for this category,4,4,,,,,,,,,,,
H5732,Local CCP,"TRIPLE-S SALUD, INC.","Triple-S Salud, INC.",Triple-S Management Corporation,3,3,3,3,,,,,,,,,,,
H5746,Local CCP,"AMERIGROUP NEW MEXICO, INC.",Amerigroup Community Care of New Mexico,AMERIGROUP Corporation,4,3,3,2,,,,,,,,,,,
H5749,Local CCP,UNITEDHEALTHCARE INSURANCE COMPANY,UnitedHealthcare,"UnitedHealth Group, Inc.",4,2,4,3,,,,,,,,,,,
H5750,Local CCP,METROPOLITAN HEALTH PLAN,Cornerstone Solutions,Metropolitan Health Plan,Not enough data to calculate stars for this category,Not enough data to calculate stars for this category,Not enough data to calculate stars for this category,4,,,,,,,,,,,
H5774,Local CCP,"AMERICAN HEALTH, INC.",American Health Medicare,Triple-S Management Corporation,3,3,3,2,,,,,,,,,,,
H5782,Local CCP,PARTNERSHIP HEALTHPLAN OF CALIFORNIA,Partnership HealthPlan of California,PARTNERSHIP HEALTHPLAN OF CALIFORNIA,4,5,4,4,,,,,,,,,,,
H5783,Local CCP,"ARCADIAN HEALTH PLAN, INC.",Southeast Community Care,Arcadian Management Services Inc.,Not enough data to calculate stars for this category,2,4,2,,,,,,,,,,,
H5793,Local CCP,AETNA HEALTH INC.,Aetna Medicare,Aetna Inc.,Not enough data to calculate stars for this category,1,3,4,,,,,,,,,,,
H5810,Local CCP,MOLINA HEALTHCARE OF CALIFORNIA,Molina Healthcare of California,"Molina Healthcare, Inc.,",4,2,2,3,,,,,,,,,,,
H5811,Local CCP,SCAN HEALTH PLAN,SCAN Health Plan,SCAN Health Plan,4,3,3,3,,,,,,,,,,,
H5813,Local CCP,"AETNA HEALTH, INC",Aetna Medicare,Aetna Inc.,Not enough data to calculate stars for this category,3,3,3,,,,,,,,,,,
H5817,Local CCP,"AMERIGROUP TEXAS, INC.",Amerigroup Community Care,AMERIGROUP Corporation,3,3,3,2,,,,,,,,,,,
H5820,PFFS,UNIVERSAL HEALTH CARE INSURANCE COMPANY,"UNIVERSAL HEALTH CARE INSURANCE COMPANY, INC.","Universal Health Care Group, Inc.",3,2,4,2,,,,,,,,,,,
H5821,Local CCP,MAPFRE LIFE INSURANCE COMPANY,MAPFRE LIFE INSURANCE COMPANY,MAPFRE PRAICO CORPORATION,3,2,2,2,,,,,,,,,,,
H5823,Local CCP,"MOLINA HEALTHCARE OF WASHINGTON, INC.","Molina Healthcare of Washington, Inc.","Molina Healthcare, Inc.,",3,3,1,4,,,,,,,,,,,
H5826,Local CCP,COMMUNITY HEALTH PLAN OF WASHINGTON,Community HealthFirst Medicare Advantage Plan,Community Health Plan of Washington,2,3,4,3,,,,,,,,,,,
H5832,Local CCP,AETNA HEALTH INC.,Aetna Medicare,Aetna Inc.,Not enough data to calculate stars for this category,Not enough data to calculate stars for this category,Not enough data to calculate stars for this category,4,,,,,,,,,,,
H5850,Local CCP,"COVENTRY SUMMIT HEALTH PLAN, INC.",Coventry Summit Health Plan,Coventry Health Care Inc.,4,2,3,3,,,,,,,,,,,
H5852,Local CCP,AIDS HEALTHCARE FOUNDATION,Positive Healthcare Partners,AIDS Healthcare Foundation,Not enough data to calculate stars for this category,Not enough data to calculate stars for this category,4,4,,,,,,,,,,,
H5854,Local CCP,"ANTHEM HEALTH PLANS, INC",Anthem Blue Cross and Blue Shield,"WellPoint, Inc.",2,2,3,3,,,,,,,,,,,
H5859,Local CCP,"HEALTH PLAN OF CAREOREGON, INC.",CareOregon Advantage,"CareOregon, Inc.",3,5,2,4,,,,,,,,,,,
H5868,Local CCP,HUMANA INSURANCE COMPANY,Humana Insurance Company,Humana Inc.,4,4,4,4,,,,,,,,,,,
H5883,Local CCP,BLUE CARE NETWORK OF MICHIGAN,Blue Care Network,Blue Cross Blue Shield of Michigan,3,3,4,4,,,,,,,,,,,
H5884,PFFS,BLUECROSS BLUESHIELD OF TENNESSEE,BlueCross BlueShield of Tennessee,BlueCross BlueShield of Tennessee,3,3,3,3,,,,,,,,,,,
H5887,Local CCP,"FIRST MEDICAL HEALTH PLAN, INC.","First Medical Health Plan, Inc.","First Medical Health Plan, Inc.",3,2,2,2,,,,,,,,,,,
H5896,Local CCP,"AMERIGROUP MARYLAND, INC.",Amerigroup Community Care,AMERIGROUP Corporation,3,4,2,3,,,,,,,,,,,
H5926,Local CCP,MOLINA HEALTHCARE OF MICHIGAN,Molina Healthcare of Michigan,"Molina Healthcare, Inc.,",4,3,3,3,,,,,,,,,,,
H5928,Local CCP,CARE1ST HEALTH PLAN,Care1st Medicare Advantage Plan,Care1st Health Plan,3,3,3,2,,,,,,,,,,,
H5932,Local CCP,"GATEWAY HEALTH PLAN, INC.",Gateway Health Plan Medicare Assured,Gateway Health Plan,4,5,3,3,,,,,,,,,,,
H5938,Local CCP,CAPITAL HEALTH PLAN,Capital Health Plan,Blue Cross and Blue Shield of Florida,4,5,5,3,,,,,,,,,,,
H5943,Local CCP,SCAN HEALTH PLAN,VillageHealth,SCAN Health Plan,Not enough data to calculate stars for this category,Not enough data to calculate stars for this category,Not enough data to calculate stars for this category,2,,,,,,,,,,,
H5950,Local CCP,AETNA HEALTH INC.,Aetna Medicare,Aetna Inc.,Not enough data to calculate stars for this category,Not enough data to calculate stars for this category,Not enough data to calculate stars for this category,4,,,,,,,,,,,
H5969,Local CCP,ALOHACARE,AlohaCare,AlohaCare,4,4,3,3,,,,,,,,,,,
H5970,Local CCP,HUMANA INSURANCE COMPANY OF NEW YORK,Humana Insurance Company of New York,Humana Inc.,3,3,4,4,,,,,,,,,,,
H5980,Local CCP,"FIDELIS SECURECARE OF TEXAS, INC.","Fidelis SecureCare of Texas, Inc.",Fidelis SecureCare,Not enough data to calculate stars for this category,Not enough data to calculate stars for this category,Not enough data to calculate stars for this category,4,,,,,,,,,,,
H5985,Local CCP,ABRAZO ADVANTAGE HEALTH PLAN,Abrazo Advantage Health Plan,Vanguard Health Systems,4,4,3,2,,,,,,,,,,,
H5989,Local CCP,COMPREHENSIVE CARE MANAGEMENT CORP.,Comprehensive Care Management Corp.,Bethco Corporation,4,Not enough data to calculate stars for this category,Not enough data to calculate stars for this category,4,,,,,,,,,,,
H5991,Local CCP,"AFFINITY HEALTH PLAN, INC.",Affinity Health Plan,Affinity Health Plan,4,3,3,3,,,,,,,,,,,
H5992,Local CCP,"SENIOR WHOLE HEALTH OF NEW YORK, INC.",Senior Whole Health of New York,"Senior Whole Health, LLC",Not enough data to calculate stars for this category,Not enough data to calculate stars for this category,5,4,,,,,,,,,,,
H5995,Local CCP,"MARION POLK COMMUNITY HEALTH PLAN ADVANTAGE, INC.","Marion Polk Community Health Plan Advantage, Inc.","Marion Polk Community Health Plan, LLC",4,5,4,3,,,,,,,,,,,
H6169,PFFS,THE PYRAMID LIFE INSURANCE COMPANY,Universal American Corp.,Universal American Corp.,Not enough data to calculate stars for this category,1,Not enough data to calculate stars for this category,Not enough data to calculate stars for this category,,,,,,,,,,,
H6178,Local CCP,CARESOURCE,CareSource,CareSource,Not enough data to calculate stars for this category,3,3,2,,,,,,,,,,,
H6181,Local CCP,"AMERIGROUP NEW YORK, LLC",Amerigroup Community Care,AMERIGROUP Corporation,3,3,Not enough data to calculate stars for this category,3,,,,,,,,,,,
H6264,Local CCP,"HEALTHPLUS PHSP, INC.",Health Plus Elite,Lutheran Medical Center,3,2,Not enough data to calculate stars for this category,3,,,,,,,,,,,
H6328,Local CCP,"CARE N' CARE INSURANCE COMPANY, INC.",Care N' Care Health Plan,North Texas Specialty Physicians,3,4,5,3,,,,,,,,,,,
H6360,1876 Cost,KAISER FOUNDATION HP OF OHIO,Kaiser Permanente Medicare Plus,"Kaiser Foundation Health Plan, Inc.",Not enough data to calculate stars for this category,4,5,4,,,,,,,,,,,
H6411,Local CCP,HUMANA INSURANCE COMPANY,Humana Insurance Company,Humana Inc.,3,3,3,3,,,,,,,,,,,
H6528,Local CCP,CARE IMPROVEMENT PLUS SOUTH CENTRAL INSURANCE CO.,Care Improvement Plus,XLHealth Corporation,3,3,Not enough data to calculate stars for this category,2,,,,,,,,,,,
H6609,Local CCP,HUMANA INSURANCE COMPANY,Humana Insurance Company,Humana Inc.,3,4,4,4,,,,,,,,,,,
H6622,Local CCP,HUMANA WISCONSINHEALTH ORGANIZATION INSURANCE CORP,Humana WisconsinHealth Organization Insurance Corp,Humana Inc.,3,Not enough data to calculate stars for this category,Not enough data to calculate stars for this category,Not enough data to calculate stars for this category,,,,,,,,,,,
H6642,Local CCP,"UNIVERSAL HMO OF TEXAS, INC.","Universal HMO of Texas, Inc.","Universal Health Care Group, Inc.",2,3,Not enough data to calculate stars for this category,2,,,,,,,,,,,
H6705,Local CCP,"UNIVERSAL HEALTH CARE OF NEVADA, INC.","Universal Health Care of Nevada, Inc.","Universal Health Care Group, Inc.",2,Not enough data to calculate stars for this category,Not enough data to calculate stars for this category,Not enough data to calculate stars for this category,,,,,,,,,,,
H6743,Local CCP,ATRIO HEALTH PLANS,ATRIO Health Plans,ATRIO Health Plans,3,Not enough data to calculate stars for this category,Not enough data to calculate stars for this category,Not enough data to calculate stars for this category,,,,,,,,,,,
H6801,Local CCP,"AHS - TULSA OKLAHOMA HEALTH PLAN, INC",Lovelace Medicare Plan,Ardent Health Services.,Plan too new to be measured,Plan too new to be measured,Plan too new to be measured,Plan too new to be measured,,,,,,,,,,,
H6815,Local CCP,HEALTH NET HEALTH PLAN OF OREGON,"Health Net Health Plan of Oregon, Inc.","Health Net, Inc.",Not enough data to calculate stars for this category,Not enough data to calculate stars for this category,Not enough data to calculate stars for this category,Not enough data to calculate stars for this category,,,,,,,,,,,
H6864,Local CCP,"GUILDNET, INC.",GuildNet,Jewish Guild for the Blind,Not enough data to calculate stars for this category,Not enough data to calculate stars for this category,Not enough data to calculate stars for this category,3,,,,,,,,,,,
H6881,Local CCP,"AMERICA'S 1ST CHOICE INSURANCE COMPANY OF NC, INC.",America's 1st Choice Insurance Company of NC,"America¿s 1st Choice Insurance Company of NC, Inc.",5,Not enough data to calculate stars for this category,Not enough data to calculate stars for this category,Not enough data to calculate stars for this category,,,,,,,,,,,
H6900,Local CCP,HUMANA INSURANCE COMPANY,Humana Insurance Company,Humana Inc.,4,2,4,4,,,,,,,,,,,
H6923,Local CCP,AETNA HEALTH,Aetna Medicare,Aetna Inc.,Not enough data to calculate stars for this category,2,2,3,,,,,,,,,,,
H6952,Local CCP,"UNITEDHEALTHCARE OF THE GREAT LAKES HLTH PLAN, INC",UnitedHealthcare Community Plan,"UnitedHealth Group, Inc.",4,2,Not enough data to calculate stars for this category,2,,,,,,,,,,,
H7002,Local CCP,HUMANA INSURANCE COMPANY,Humana Insurance Company,Humana Inc.,4,2,4,2,,,,,,,,,,,
H7006,Local CCP,"MARION POLK COMMUNITY HEALTH PLAN ADVANTAGE, INC.","Marion Polk Community Health Plan Advantage, Inc.","Marion Polk Community Health Plan, LLC",4,5,5,4,,,,,,,,,,,
H7015,Local CCP,"HEALTHFIRST HEALTH PLAN OF NEW JERSEY, INC.",Healthfirst NJ Medicare Plan,"HF Management Services, LLC",4,2,Not enough data to calculate stars for this category,3,,,,,,,,,,,
H7086,Local CCP,COMMUNITY HEALTH GROUP,Community Health Group,Community Health Group,5,2,3,3,,,,,,,,,,,
H7149,Local CCP,"COVENTRY HEALTH CARE OF NEBRASKA, INC.",Coventry Health Care,Coventry Health Care Inc.,4,3,3,3,,,,,,,,,,,
H7173,Local CCP,"PEACH STATE HEALTH PLAN, INC.",Advantage by Peach State,Centene Corporation,Not enough data to calculate stars for this category,Not enough data to calculate stars for this category,Not enough data to calculate stars for this category,Not enough data to calculate stars for this category,,,,,,,,,,,
H7179,Local CCP,"ARCADIAN HEALTH PLAN OF LOUISIANA, INC.",Arcadian Community Care,Arcadian Management Services Inc.,Not enough data to calculate stars for this category,2,4,2,,,,,,,,,,,
H7187,Local CCP,UNITEDHEALTHCARE INSURANCE COMPANY,UnitedHealthcare,"UnitedHealth Group, Inc.",4,3,4,3,,,,,,,,,,,
H7188,Local CCP,HUMANA INSURANCE COMPANY,Humana Insurance Company,Humana Inc.,4,2,4,3,,,,,,,,,,,
H7200,Local CCP,"AMERIGROUP TENNESSEE, INC.",Amerigroup Community Care,AMERIGROUP Corporation,3,3,3,2,,,,,,,,,,,
H7220,Local CCP,"INDIANA UNIVERSITY HEALTH PLANS, INC.",Indiana University Health Plans - Medicare,Indiana University Health,4,4,5,3,,,,,,,,,,,
H7281,Local CCP,"BRAVO HEALTH PENNSYLVANIA, INC.",Bravo Health,"HealthSpring, Inc.",3,2,2,3,,,,,,,,,,,
H7292,Local CCP,ALAMEDA ALLIANCE JOINT POWERS AUTHORITY (JPA),Alameda Alliance for Health,Alameda Alliance for Health,3,4,3,3,,,,,,,,,,,
H7301,Local CCP,PERSONAL CARE INSURANCE OF ILLINOIS,PersonalCare,Coventry Health Care Inc.,5,3,3,4,,,,,,,,,,,
H7306,Local CCP,FIRST HEALTH LIFE & HEALTH INSURANCE COMPANY,Coventry Health Care,Coventry Health Care Inc.,5,2,2,2,,,,,,,,,,,
H7352,Local CCP,"UNIVERSITY CARE ADVANTAGE, L.L.C",University Care Advantage,"UA Healthcare, Inc.",2,3,3,2,,,,,,,,,,,
H7475,Local CCP,"CARE WISCONSIN HEALTH PLAN, INC.","Care Wisconsin Health Plan, Inc.","Care Wisconsin First, Inc.",Not enough data to calculate stars for this category,Not enough data to calculate stars for this category,Not enough data to calculate stars for this category,4,,,,,,,,,,,
H7526,Local CCP,MEDICA HEALTH PLANS,Medica Health Plans,Medica Holding Company,4,5,Not enough data to calculate stars for this category,3,,,,,,,,,,,
H7678,Local CCP,"MOLINA HEALTHCARE OF TEXAS, INC.","Molina Healthcare of Texas, Inc.","Molina Healthcare, Inc.,",4,Not enough data to calculate stars for this category,Not enough data to calculate stars for this category,3,,,,,,,,,,,
H7731,Local CCP,"MD CARE, INC.",MD Care Healthplan,"MD Care, Inc.",3,3,4,3,,,,,,,,,,,
H7787,Local CCP,"HEALTHSPRING LIFE & HEALTH INSURANCE COMPANY, INC.",HealthSpring Medicare Advantage PPO,"HealthSpring, Inc.",4,2,4,2,,,,,,,,,,,
H7908,Local CCP,AETNA HEALTH,Aetna Medicare,Aetna Inc.,Not enough data to calculate stars for this category,1,Not enough data to calculate stars for this category,3,,,,,,,,,,,
H7917,Local CCP,BLUE CROSS BLUE SHIELD OF TENNESSEE,BlueCross BlueShield of Tennessee,BlueCross BlueShield of Tennessee,3,3,3,3,,,,,,,,,,,
H7949,Local CCP,"PACIFICARE OF NEVADA, INC.",SecureHorizons by UnitedHealthcare,"UnitedHealth Group, Inc.",3,3,4,4,,,,,,,,,,,
H8050,Local CCP,"CARILION CLINIC MEDICARE RESOURCES, LLC",Carilion Clinic Medicare Health Plan,"Carilion Services, Inc.",5,Not enough data to calculate stars for this category,Not enough data to calculate stars for this category,3,,,,,,,,,,,
H8091,Local CCP,USABLE MUTUAL INSURANCE COMPANY,ARKANSAS BLUE CROSS AND BLUE SHIELD,USAble Mutual Insurance Company,4,Not enough data to calculate stars for this category,Not enough data to calculate stars for this category,Not enough data to calculate stars for this category,,,,,,,,,,,
H8098,PFFS,UNIVERSAL HEALTH CARE INSURANCE COMPANY,"Universal Health Care Insurance Company, Inc.","Universal Health Care Group, Inc.",3,Not enough data to calculate stars for this category,Not enough data to calculate stars for this category,Not enough data to calculate stars for this category,,,,,,,,,,,
H8130,Local CCP,"MOLINA HEALTHCARE OF FLORIDA, INC.",Molina Healthcare of Florida,"Molina Healthcare, Inc.,",4,Not enough data to calculate stars for this category,Not enough data to calculate stars for this category,3,,,,,,,,,,,
H8145,PFFS,HUMANA INSURANCE COMPANY,Humana Insurance Company,Humana Inc.,3,Not enough data to calculate stars for this category,Not enough data to calculate stars for this category,Not enough data to calculate stars for this category,,,,,,,,,,,
H8189,Local CCP,"MANAGED HEALTH SERVICES, WISCONSIN",Advantage by Managed Health Services,Centene Corporation,Not enough data to calculate stars for this category,Not enough data to calculate stars for this category,Not enough data to calculate stars for this category,Not enough data to calculate stars for this category,,,,,,,,,,,
H8393,Local CCP,COVENTRY HEALTH AND LIFE INSURANCE COMPANY,Coventry Health Care,Coventry Health Care Inc.,5,2,Not enough data to calculate stars for this category,4,,,,,,,,,,,
H8552,Local CCP,ANTHEM BLUE CROSS LIFE AND HEALTH INSURANCE CO.,Anthem Blue Cross,"WellPoint, Inc.",Plan too new to be measured,Plan too new to be measured,Plan too new to be measured,Plan too new to be measured,,,,,,,,,,,
H8558,Local CCP,STERLING LIFE INSURANCE COMPANY,WindsorSterling,Munich American Holding Corporation,2,Not enough data to calculate stars for this category,Not enough data to calculate stars for this category,Not enough data to calculate stars for this category,,,,,,,,,,,
H8578,Local CCP,"HEALTH NEW ENGLAND, INC.","Health New England, Inc.","Baystate Health, Inc.",4,4,4,4,,,,,,,,,,,
H8604,Local CCP,THP INSURANCE COMPANY,Health Plan SecureChoice,Health Plan of the Upper Ohio Valley,4,Not enough data to calculate stars for this category,Not enough data to calculate stars for this category,3,,,,,,,,,,,
H8644,Local CCP,HUMANA INSURANCE COMPANY,Humana Insurance Company,Humana Inc.,4,3,3,3,,,,,,,,,,,
H8649,Local CCP,"ALTIUS HEALTH PLANS, INC. (UTAH)",Altius Health Plans,Coventry Health Care Inc.,4,3,2,3,,,,,,,,,,,
H8684,Local CCP,AETNA LIFE INSURANCE COMPANY,Aetna Medicare,Aetna Inc.,Not enough data to calculate stars for this category,3,Not enough data to calculate stars for this category,4,,,,,,,,,,,
H8707,Local CCP,HUMANA INSURANCE COMPANY,Humana Insurance Company,Humana Inc.,3,3,4,3,,,,,,,,,,,
H8748,Local CCP,UNITEDHEALTHCARE INSURANCE COMPANY,UnitedHealthcare,"UnitedHealth Group, Inc.",4,2,4,2,,,,,,,,,,,
H8822,Local CCP,"ADVANTAGE HEALTH SOLUTIONS, INC.","ADVANTAGE Health Solutions, Inc.",Advantage Health Solutions,5,3,Not enough data to calculate stars for this category,2,,,,,,,,,,,
H8953,Local CCP,"HUMANA HEALTH PLAN OF OHIO, INC.","Humana Health Plan of Ohio, Inc.",Humana Inc.,3,3,3,4,,,,,,,,,,,
H8980,Local CCP,COVENTRY HEALTH AND LIFE INSURANCE COMPANY,HealthAmerica,Coventry Health Care Inc.,4,3,4,3,,,,,,,,,,,
H8991,Local CCP,"AMERIGROUP FLORIDA, INC.",Amerigroup Community Care,AMERIGROUP Corporation,3,2,3,2,,,,,,,,,,,
H9001,Local CCP,FALLON COMMUNITY HEALTH PLAN,Fallon Community Health Plan,Fallon Community Health Plan,3,4,4,4,,,,,,,,,,,
H9003,Local CCP,KAISER FOUNDATION HP OF THE N W,Kaiser Permanente Senior Advantage,"Kaiser Foundation Health Plan, Inc.",4,5,5,5,,,,,,,,,,,
H9011,Local CCP,"UNITEDHEALTHCARE OF FLORIDA, INC.",UnitedHealthcare,"UnitedHealth Group, Inc.",4,1,4,3,,,,,,,,,,,
H9047,Local CCP,PROVIDENCE HEALTH PLAN,Providence Health Plans,Providence Health & Services,5,4,5,4,,,,,,,,,,,
H9082,Local CCP,"MOLINA HEALTHCARE OF NEW MEXICO, INC.","Molina Healthcare of New Mexico, Inc.","Molina Healthcare, Inc.,",3,Not enough data to calculate stars for this category,Not enough data to calculate stars for this category,3,,,,,,,,,,,
H9104,Local CCP,SCAN HEALTH PLAN,SCAN Health Plan,SCAN Health Plan,3,4,4,3,,,,,,,,,,,
H9184,Local CCP,"BRAVO HEALTH MID-ATLANTIC, INC.",Bravo Health,"HealthSpring, Inc.",4,Not enough data to calculate stars for this category,Not enough data to calculate stars for this category,3,,,,,,,,,,,
H9285,Local CCP,ATLANTIS HEALTH PLAN,EASY CHOICE HEALTH PLAN OF NEW YORK,"Atlantis Health Systems, Inc.",Plan too new to be measured,Plan too new to be measured,Plan too new to be measured,Plan too new to be measured,,,,,,,,,,,
H9302,Local CCP,"SOUNDPATH HEALTH, INC.",Soundpath Health,"Puget Sound Health Partners, Inc.",4,2,3,4,,,,,,,,,,,
H9385,Local CCP,SCAN HEALTH PLAN OF ARIZONA,SCAN Health Plan Arizona,SCAN Health Plan,4,4,3,3,,,,,,,,,,,
H9503,Local CCP,HUMANA INSURANCE COMPANY,Humana Insurance Company,Humana Inc.,4,3,2,3,,,,,,,,,,,
H9572,Local CCP,BLUE CROSS BLUE SHIELD OF MICHIGAN,Blue Cross Blue Shield of Michigan,Blue Cross Blue Shield of Michigan,3,4,3,4,,,,,,,,,,,
H9615,Local CCP,"MVP HEALTH PLAN, INC.",MVP HEALTH CARE,"MVP Health Care, Inc.",4,4,4,4,,,,,,,,,,,
H9670,Local CCP,"UPMC HEALTH BENEFITS, INC.",UPMC Health Plan,University of Pittsburgh Medical Center,Not enough data to calculate stars for this category,5,Not enough data to calculate stars for this category,4,,,,,,,,,,,
H9720,PFFS,"AMERICA'S 1ST CHOICE HEALTH PLANS, INC.","AMERICA'S 1ST CHOICE HEALTH PLANS, INC.","America's 1st Choice Health Plans, Inc.",5,4,Not enough data to calculate stars for this category,2,,,,,,,,,,,
H9847,Local CCP,COVENTRY HEALTH AND LIFE INSURANCE COMPANY,Coventry Health Care,Coventry Health Care Inc.,5,2,5,3,,,,,,,,,,,
H9859,Local CCP,"MVP HEALTH PLAN, INC.",MVP HEALTH CARE,"MVP Health Care, Inc.",3,5,4,4,,,,,,,,,,,
H9947,Local CCP,BLUE CROSS BLUE SHIELD OF GEORGIA,Blue Cross Blue Shield of Georgia,"WellPoint, Inc.",Plan too new to be measured,Plan too new to be measured,Plan too new to be measured,Plan too new to be measured,,,,,,,,,,,
H9988,Local CCP,STERLING LIFE INSURANCE COMPANY,WindsorSterling,Munich American Holding Corporation,3,Not enough data to calculate stars for this category,Not enough data to calculate stars for this category,5,,,,,,,,,,,
R3175,Regional CCP,UNITEDHEALTHCARE INSURANCE COMPANY,UnitedHealthcare,"UnitedHealth Group, Inc.",4,3,2,3,,,,,,,,,,,
R3332,Regional CCP,"BLUE CROSS AND BLUE SHIELD OF FL, INC.","Blue Cross and Blue Shield of Florida, Inc.",Blue Cross and Blue Shield of Florida,3,2,2,4,,,,,,,,,,,
R3444,Regional CCP,CARE IMPROVEMENT PLUS SOUTH CENTRAL INSURANCE CO.,Care Improvement Plus,XLHealth Corporation,3,3,4,3,,,,,,,,,,,
R5287,Regional CCP,UNITEDHEALTHCARE INSURANCE COMPANY,UnitedHealthcare,"UnitedHealth Group, Inc.",4,2,3,3,,,,,,,,,,,
R5342,Regional CCP,UNITEDHEALTHCARE INSURANCE COMPANY OF NEW YORK,UnitedHealthcare,"UnitedHealth Group, Inc.",4,2,3,3,,,,,,,,,,,
R5566,Regional CCP,"BCBS MN, MT, NE, ND, WY, WELLMARK IA AND SD",MedicareBlue PPO,"BCBS MN, MT, NE, ND, WY, Wellmark IA and SD",3,4,3,4,,,,,,,,,,,
R5674,Regional CCP,"SIERRA HEALTH AND LIFE INSURANCE COMPANY, INC.","Sierra Health and Life Insurance Company, Inc.","UnitedHealth Group, Inc.",4,3,2,3,,,,,,,,,,,
R5826,Regional CCP,HUMANA INSURANCE COMPANY,Humana Insurance Company,Humana Inc.,3,3,Not enough data to calculate stars for this category,3,,,,,,,,,,,
R5941,Regional CCP,"ANTHEM INSURANCE COMPANIES, INC.",Anthem Blue Cross and Blue Shield,"WellPoint, Inc.",2,3,3,3,,,,,,,,,,,
R6801,Regional CCP,CARE IMPROVEMENT PLUS OF TEXAS INSURANCE COMPANY,Care Improvement Plus,XLHealth Corporation,3,3,3,2,,,,,,,,,,,
R7439,Regional CCP,HAWAII MEDICAL SERVICE ASSOCIATION,Akamai Advantage by HMSA,Hawaii Medical Service Association,2,Not enough data to calculate stars for this category,Not enough data to calculate stars for this category,Not enough data to calculate stars for this category,,,,,,,,,,,
R7444,Regional CCP,UNITEDHEALTHCARE INSURANCE COMPANY,UnitedHealthcare,"UnitedHealth Group, Inc.",3,3,3,3,,,,,,,,,,,
R9896,Regional CCP,CARE IMPROVEMENT PLUS SOUTH CENTRAL INSURANCE CO,Care Improvement Plus,XLHealth Corporation,3,3,3,2,,,,,,,,,,,
S0043,PDP,"PREFERRED MEDICARE CHOICE, INC.","Preferred Medicare Choice, Inc.","Aveta, LLC.",3,2,2,2,,,,,,,,,,,
S0197,PDP,CAMBRIDGE LIFE INSURANCE COMPANY,First Health Part D,Coventry Health Care Inc.,5,2,3,4,,,,,,,,,,,
S0223,PDP,"HEALTH FIRST HEALTH PLANS, INC",Health First Medicare Prescription Drug Plan,Health First,Plan too new to be measured,Plan too new to be measured,Plan too new to be measured,Plan too new to be measured,,,,,,,,,,,
S0586,PDP,"MVP HEALTH PLAN, INC.",MVP Health Care,"MVP Health Care, Inc.",Not enough data to calculate stars for this category,Not enough data to calculate stars for this category,Not enough data to calculate stars for this category,Not enough data to calculate stars for this category,,,,,,,,,,,
S0655,PDP,TUFTS INSURANCE COMPANY,Tufts Health Plan Medicare Preferred,"TAHMO, Inc.",2,3,Not enough data to calculate stars for this category,4,,,,,,,,,,,
S1030,PDP,BCBS OF ALABAMA AND BCBS OF TENNESSEE,BlueRx,BCBS OF AL & BCBS OF TN,3,3,4,3,,,,,,,,,,,
S1480,PDP,MCKINLEY LIFE INSURANCE COMPANY,PrimeTime Prescription Drug Plan,Aultman Health Foundation,Plan too new to be measured,Plan too new to be measured,Plan too new to be measured,Plan too new to be measured,,,,,,,,,,,
S1822,PDP,"HEALTHPARTNERS, INC.",HealthPartners National PDP,"HealthPartners, Inc.",Not enough data to calculate stars for this category,Not enough data to calculate stars for this category,Not enough data to calculate stars for this category,4,,,,,,,,,,,
S2321,PDP,QCC INS CO D/B/A AMERIHEALTH INS CO,AmeriHealth Rx,Independence Blue Cross,4,3,2,3,,,,,,,,,,,
S2468,PDP,CA PHYSICIANS' SERVICE DBA BLUE SHIELD OF CA,Blue Shield of California,California Physicians' Service,3,4,5,4,,,,,,,,,,,
S2505,PDP,"WINDSOR HEALTH PLAN, INC",Windsor Rx,Munich American Holding Corporation,5,4,4,2,,,,,,,,,,,
S2874,PDP,"HUMANA INSURANCE OF PUERTO RICO, INC.","Humana Insurance of Puerto Rico, Inc.",Humana Inc.,3,Not enough data to calculate stars for this category,Not enough data to calculate stars for this category,3,,,,,,,,,,,
S2893,PDP,ANTHEM INSURANCE CO. & BCBSMA & BCBSRI & BCBSVT,Blue MedicareRx,Anthem Insurance Co. & BCBSMA & BCBSRI & BCBSVT,3,3,3,4,,,,,,,,,,,
S3389,PDP,"UPMC HEALTH BENEFITS, INC",UPMC Health Plan,University of Pittsburgh Medical Center,4,3,4,3,,,,,,,,,,,
S3440,PDP,ALLIANCE HEALTH AND LIFE INSURANCE COMPANY,Alliance Medicare Rx,Health Alliance Plan (HAP),4,2,2,3,,,,,,,,,,,
S3521,PDP,"EXCELLUS HEALTH PLAN, INC",Simply Prescriptions,"Lifetime Healthcare, Inc.",5,4,5,4,,,,,,,,,,,
S3994,PDP,HAWAII MEDICAL SERVICE ASSOCIATION (HMSA),HMSA's Medicare Rx Plan,Hawaii Medical Service Association,Not enough data to calculate stars for this category,Not enough data to calculate stars for this category,5,5,,,,,,,,,,,
S4219,PDP,HEALTH ALLIANCE MEDICAL PLANS,Health Alliance Medicare Prescription Plan,Health Alliance Medical Plans,3,Not enough data to calculate stars for this category,Not enough data to calculate stars for this category,Not enough data to calculate stars for this category,,,,,,,,,,,
S4802,PDP,STERLING LIFE INSURANCE COMPANY,Windsor Rx,Munich American Holding Corporation,3,3,4,3,,,,,,,,,,,
S5540,PDP,BLUE CROSS AND BLUE SHIELD OF NORTH CAROLINA,Blue Cross and Blue Shield of North Carolina,Blue Cross and Blue Shield of North Carolina,4,5,5,3,,,,,,,,,,,
S5552,PDP,HUMANA INSURANCE COMPANY OF NEW YORK,Humana Insurance Company of New York,Humana Inc.,3,3,3,4,,,,,,,,,,,
S5555,PDP,"MCS ADVANTAGE, INC.",MCS Classicare,"Medical Card System, Inc.",4,3,2,2,,,,,,,,,,,
S5569,PDP,CAMBRIDGE LIFE INSURANCE COMPANY,First Health Part D,Coventry Health Care Inc.,5,2,2,4,,,,,,,,,,,
S5580,PDP,FIRST UNITED AMERICAN LIFE INSURANCE COMPANY,First United American Life Insurance Company,Torchmark Corporation,2,3,3,4,,,,,,,,,,,
S5584,PDP,BLUE CROSS BLUE SHIELD OF MICHIGAN,Blue Cross Blue Shield of Michigan,Blue Cross Blue Shield of Michigan,2,3,4,4,,,,,,,,,,,
S5588,PDP,PARAMOUNT INSURANCE COMPANY,Paramount Prescription Drug Plan,Promedica Health System,Not enough data to calculate stars for this category,Not enough data to calculate stars for this category,Not enough data to calculate stars for this category,5,,,,,,,,,,,
S5593,PDP,HIGHMARK SENIOR RESOURCES INC.,Highmark Senior Resources Inc.,Highmark Inc.,4,4,5,4,,,,,,,,,,,
S5596,PDP,"ANTHEM INSURANCE COMPANIES, INC.",Blue MedicareRx,"WellPoint, Inc.",2,2,2,3,,,,,,,,,,,
S5601,PDP,SILVERSCRIPT INSURANCE COMPANY,SilverScript Insurance Company,CVS Caremark Corporation,3,3,2,3,,,,,,,,,,,
S5609,PDP,ASURIS NORTHWEST HEALTH,Asuris Northwest Health,The Regence Group,3,4,4,4,,,,,,,,,,,
S5617,PDP,CONNECTICUT GENERAL LIFE INSURANCE COMPANY,CIGNA Medicare Rx,CIGNA,3,3,2,3,,,,,,,,,,,
S5660,PDP,MEDCO CONTAINMENT LIFE INSURANCE COMPANY,Medco Medicare Prescription Plan,"Medco Health Solutions, Inc.",4,3,5,4,,,,,,,,,,,
S5670,PDP,COVENTRY HEALTH AND LIFE INSURANCE COMPANY,First Health Part D,Coventry Health Care Inc.,4,2,5,3,,,,,,,,,,,
S5674,PDP,FIRST HEALTH LIFE & HEALTH INSURANCE COMPANY,First Health Part D,Coventry Health Care Inc.,3,2,4,3,,,,,,,,,,,
S5678,PDP,HEALTH NET LIFE INSURANCE COMPANY,Health Net,"Health Net, Inc.",4,4,3,3,,,,,,,,,,,
S5715,PDP,HCSC INSURANCE SERVICES COMPANY,"HISC - Blue Cross Blue Shield of IL, NM, OK, TX",Health Care Service Corporation,3,4,3,4,,,,,,,,,,,
S5726,PDP,BLUE CROSS BLUE SHIELD OF KANSAS,Blue MedicareRx,Blue Cross Blue Shield of Kansas,3,4,3,3,,,,,,,,,,,
S5743,PDP,"BCBS MN, MT, NE, ND, WY, WELLMARK IA AND SD",MedicareBlue Rx,"BCBS MN, MT, NE, ND, WY, Wellmark IA and SD",4,4,4,5,,,,,,,,,,,
S5753,PDP,WISCONSIN PHYSICIANS SERVICE INSURANCE CORPORATION,WPS Health Insurance,Wisconsin Physicians Service Ins Corporation.,3,4,4,5,,,,,,,,,,,
S5755,PDP,UNITED AMERICAN INSURANCE COMPANY,United American Insurance Company,Torchmark Corporation,3,3,3,3,,,,,,,,,,,
S5766,PDP,"FIRST CARE, INC.",Medi-CareFirst BlueCross BlueShield,"CareFirst, Inc.",4,4,3,4,,,,,,,,,,,
S5768,PDP,FIRST HEALTH LIFE & HEALTH INSURANCE COMPANY,First Health Part D,Coventry Health Care Inc.,4,2,2,3,,,,,,,,,,,
S5775,PDP,PHARMACY INSURANCE CORPORATION OF AMERICA,PICA,Pharmacy Insurance Corporation of America,3,2,4,3,,,,,,,,,,,
S5795,PDP,USABLE MUTUAL INSURANCE COMPANY,ARKANSAS BLUE CROSS AND BLUE SHIELD,USAble Mutual Insurance Company,4,4,4,2,,,,,,,,,,,
S5803,PDP,PENNSYLVANIA LIFE INSURANCE COMPANY,Community CCRx PDP,CVS Caremark Corporation,3,3,4,3,,,,,,,,,,,
S5805,PDP,UNITEDHEALTHCARE INSURANCE COMPANY OF NEW YORK,UnitedHealthcare,"UnitedHealth Group, Inc.",3,3,4,4,,,,,,,,,,,
S5810,PDP,AETNA LIFE INSURANCE COMPANY,Aetna Medicare,Aetna Inc.,Not enough data to calculate stars for this category,2,3,3,,,,,,,,,,,
S5820,PDP,UNITEDHEALTHCARE INSURANCE COMPANY,UnitedHealthcare,"UnitedHealth Group, Inc.",3,3,5,3,,,,,,,,,,,
S5825,PDP,SILVERSCRIPT INSURANCE COMPANY,Community CCRx PDP,CVS Caremark Corporation,4,4,4,4,,,,,,,,,,,
S5840,PDP,"FIRST MEDICAL HEALTH PLAN, INC","First Medical Health Plan, Inc.","First Medical Health Plan, Inc.",2,Not enough data to calculate stars for this category,Not enough data to calculate stars for this category,2,,,,,,,,,,,
S5857,PDP,PRIORITY HEALTH INSURANCE COMPANY,Priority Health Medicare,Spectrum Health System,3,3,4,3,,,,,,,,,,,
S5877,PDP,EDUCATORS MUTUAL INSURANCE ASSOCIATION,EMI Health,Educators Mutual Insurance Association,2,4,5,4,,,,,,,,,,,
S5884,PDP,HUMANA INSURANCE COMPANY,Humana Insurance Company,Humana Inc.,2,4,4,3,,,,,,,,,,,
S5904,PDP,"BLUE CROSS AND BLUE SHIELD OF FLORIDA, INC.","Blue Cross and Blue Shield of Florida, Inc.",Blue Cross and Blue Shield of Florida,2,3,4,4,,,,,,,,,,,
S5907,PDP,"TRIPLE-S SALUD, INC.","Triple-S Salud, Inc.",Triple-S Management Corporation,2,4,1,2,,,,,,,,,,,
S5916,PDP,REGENCE LIFE AND HEALTH INSURANCE COMPANY,Regence Life and Health,The Regence Group,3,5,4,3,,,,,,,,,,,
S5921,PDP,UNITEDHEALTHCARE INS. CO. AND UNITEDHEALTHCARE NY,UnitedHealthcare,"UnitedHealth Group, Inc.",4,3,4,3,,,,,,,,,,,
S5932,PDP,"HEALTHSPRING LIFE & HEALTH INSURANCE COMPANY, INC.",HealthSpring Prescription Drug Plan,"HealthSpring, Inc.",3,4,4,2,,,,,,,,,,,
S5937,PDP,LOUISIANA HEALTH SERVICE AND INDEMNITY COMPANY,Blue Cross and Blue Shield of Louisiana,BlueCross BlueShield of Louisiana,3,4,4,2,,,,,,,,,,,
S5953,PDP,BLUE CROSS AND BLUE SHIELD OF SOUTH CAROLINA,Blue Cross Blue Shield of South Carolina,BlueCross BlueShield of South Carolina (BCBSSC),2,3,3,2,,,,,,,,,,,
S5960,PDP,UNICARE LIFE AND HEALTH INSURANCE COMPANY,UniCare,"WellPoint, Inc.",3,2,2,2,,,,,,,,,,,
S5966,PDP,GROUP HEALTH INCORPORATED,EmblemHealth Medicare PDP,"EmblemHealth, Inc.",3,1,4,4,,,,,,,,,,,
S5967,PDP,"WELLCARE PRESCRIPTION INSURANCE, INC.",WellCare,"WellCare Health Plans, Inc.",5,4,4,3,,,,,,,,,,,
S5975,PDP,"ODS HEALTH PLAN, INC.","ODS Health Plan, Inc.","Health Services Group, Inc.",Not enough data to calculate stars for this category,Not enough data to calculate stars for this category,5,5,,,,,,,,,,,
S5983,PDP,MEDCO CONTAINMENT INSURANCE COMPANY OF NEW YORK,Medco Medicare Prescription Plan,"Medco Health Solutions, Inc.",5,4,3,3,,,,,,,,,,,
S5993,PDP,HORIZON HEALTHCARE SERVICES DBA HORIZON BCBS NJ,"Horizon Blue Cross Blue Shield of New Jersey, Inc.","Horizon Blue Cross Blue Shield of New Jersey, Inc.",2,4,3,4,,,,,,,,,,,
S5998,PDP,"BRAVO HEALTH INSURANCE COMPANY, INC.",Bravo Health,"HealthSpring, Inc.",3,4,2,3,,,,,,,,,,,
S6506,PDP,"BLUE CROSS AND BLUE SHIELD ARIZONA, INC.",Blue Cross and Blue Shield of Arizona,Blue Cross Blue Shield of Arizona,Plan too new to be measured,Plan too new to be measured,Plan too new to be measured,Plan too new to be measured,,,,,,,,,,,
S6875,PDP,QCC INS CO D/B/A AMERIHEALTH INS CO,Select Option,Independence Blue Cross,Not enough data to calculate stars for this category,Not enough data to calculate stars for this category,2,3,,,,,,,,,,,
S7694,PDP,ENVISION INSURANCE COMPANY,EnvisionRx Plus,Envision Insurance Company,4,2,2,3,,,,,,,,,,,
S7950,PDP,EXPRESS SCRIPTS INSURANCE CO.,SAMAscript,"Express Scripts, Inc.",Not enough data to calculate stars for this category,Not enough data to calculate stars for this category,Not enough data to calculate stars for this category,4,,,,,,,,,,,
S8067,PDP,AVALON INSURANCE COMPANY,Avalon Insurance Company,Capital BlueCross,5,4,3,4,,,,,,,,,,,
S8841,PDP,"NMHC GROUP SOLUTION INSURANCE, INC.",NMHC Group Solutions,"SXC Health Solutions, Corp.",Not enough data to calculate stars for this category,Not enough data to calculate stars for this category,Not enough data to calculate stars for this category,5,,,,,,,,,,,
S9579,PDP,STONEBRIDGE LIFE INSURANCE COMPANY,Medicare GenerationRx (Employer PDP),Aegon N.V.,Plan too new to be measured,Plan too new to be measured,Plan too new to be measured,Plan too new to be measured,,,,,,,,,,,
MA-PD Average,,, , ,4,3,4,3,,,,,,,,,,,
PDP Average,,, , ,3,3,3,3,,,,,,,,,,,
Overall Average,,, , ,4,3,4,3,,,,,,,,,,,
,,,,,,,,,,,,,,,,,,,
,Star Rating Legend,,,,,,,,,,,,,,,,,,
,5 = Excellent,,,,,,,,,,,,,,,,,,
,4 = Above Average,,,,,,,,,,,,,,,,,,
,3 = Average,,,,,,,,,,,,,,,,,,
,2 = Below Average,,,,,,,,,,,,,,,,,,
,1 = Poor,,,,,,,,,,,,,,,,,,
